,Stimulus,Aver. human ratings,emotion,Category
0,Anger,0.8296440496335613,Anger,Prototype
1,Anger,0.18169173166803587,Anger,Prototype
2,Anger,0.23312200962361307,Anger,Prototype
3,Anger,0.06318867857484228,Anger,Prototype
4,Anger,0.5859422899976768,Anger,Prototype
5,Anger,0.5304701841857556,Anger,Prototype
6,Anger,0.33262047788741095,Anger,Prototype
7,Anger,0.7213379054789083,Anger,Prototype
8,Anger,0.23965989677444835,Anger,Prototype
9,Anger,0.5237739492001988,Anger,Prototype
10,Anger,0.8064065658159044,Anger,Prototype
11,Anger,0.4376948995647488,Anger,Prototype
12,Anger,0.12956251432964971,Anger,Prototype
13,Anger,0.2407520561425317,Anger,Prototype
14,Anger,0.10483919586712291,Anger,Prototype
15,Anger,0.18667750465120986,Anger,Prototype
16,Anger,0.039734307340705856,Anger,Prototype
17,Anger,0.34236243102858777,Anger,Prototype
18,Anger,0.28839607439058024,Anger,Prototype
19,Anger,0.3526922563491205,Anger,Prototype
20,Anger,0.013190380233000811,Anger,Prototype
21,Anger,0.33262047788741095,Anger,Prototype
22,Anger,0.3719771634750681,Anger,Prototype
23,Anger,0.27483475502576016,Anger,Prototype
24,Anger,0.2436861928766683,Anger,Prototype
25,Anger,0.015301028087236697,Anger,Prototype
26,Anger,0.08071639937818298,Anger,Prototype
27,Anger,0.3207297473496209,Anger,Prototype
28,Anger,0.12594809980489335,Anger,Prototype
29,Anger,0.09503241859691917,Anger,Prototype
30,Anger,0.05913037772268951,Anger,Prototype
31,Anger,0.11357901787303151,Anger,Prototype
32,Anger,0.6284848695246386,Anger,Prototype
33,Anger,0.23965989677444832,Anger,Prototype
34,Anger,0.1295625143296497,Anger,Prototype
35,Anger,0.016308842012481905,Anger,Prototype
36,Anger,0.22260970561283347,Anger,Prototype
37,Anger,0.48633010757520734,Anger,Prototype
38,Anger,0.4669046908068068,Anger,Prototype
39,Anger,0.5694849280448048,Anger,Prototype
40,Anger,0.9577924484198259,Anger,Prototype
41,Anger,0.05093794765768231,Anger,Prototype
42,Anger,0.44380830759332335,Anger,Prototype
43,Anger,0.23415526541674062,Anger,Prototype
44,Anger,0.6648561058377347,Anger,Prototype
45,Anger,0.6168633792454105,Anger,Prototype
46,Anger,0.11357901787303151,Anger,Prototype
47,Anger,0.46391890992297513,Anger,Prototype
48,Anger,0.40228996048513926,Anger,Prototype
49,Anger,0.4669046908068068,Anger,Prototype
50,Anger,0.42189736724066973,Anger,Prototype
51,Anger,0.3152618354464301,Anger,Prototype
52,Anger,0.12956251432964971,Anger,Prototype
53,Anger,0.3622122152472242,Anger,Prototype
54,Anger,0.08883598897241793,Anger,Prototype
55,Anger,0.19846233513035177,Anger,Prototype
56,Anger,0.36050517420000944,Anger,Prototype
57,Anger,0.33262047788741095,Anger,Prototype
58,Anger,0.38420327323844267,Anger,Prototype
59,Anger,0.4074485195593466,Anger,Prototype
60,Anger,0.14112013006050955,Anger,Prototype
61,Anger,0.3719771634750681,Anger,Prototype
62,Anger,0.1789108481996147,Anger,Prototype
63,Anger,0.09381103581628394,Anger,Prototype
64,Anger,0.1059707788085427,Anger,Prototype
65,Anger,0.11529035327426189,Anger,Prototype
66,Anger,0.07929866577714505,Anger,Prototype
67,Anger,0.02937160166480887,Anger,Prototype
68,Anger,0.2880584423829145,Anger,Prototype
69,Anger,0.065817622855183,Anger,Prototype
70,Anger,0.02567406593176372,Anger,Prototype
71,Anger,0.4275745799015492,Anger,Prototype
72,Anger,0.21115939912575907,Anger,Prototype
73,Anger,0.005590097634537569,Anger,Prototype
74,Anger,0.1295625143296497,Anger,Prototype
75,Anger,0.2964863158673718,Anger,Prototype
76,Anger,0.010933526447627871,Anger,Prototype
77,Anger,0.095304405116468,Anger,Prototype
78,Anger,0.3521874283517515,Anger,Prototype
79,Anger,0.11643877539913522,Anger,Prototype
80,Anger,0.706602647610049,Anger,Prototype with mouth opening
81,Anger,0.08004141017626493,Anger,Prototype with mouth opening
82,Anger,0.6465863043045422,Anger,Prototype with mouth opening
83,Anger,0.332620477887411,Anger,Prototype with mouth opening
84,Anger,0.7052252756615547,Anger,Prototype with mouth opening
85,Anger,0.26416268961475603,Anger,Prototype with mouth opening
86,Anger,0.24368619287666826,Anger,Prototype with mouth opening
87,Anger,0.4706706917883822,Anger,Prototype with mouth opening
88,Anger,0.8355490681450167,Anger,Prototype with mouth opening
89,Anger,0.9161047784667917,Anger,Prototype with mouth opening
90,Anger,0.07984029107818738,Anger,Prototype with mouth opening
91,Anger,0.18273663776601956,Anger,Prototype with mouth opening
92,Anger,0.03986360758639597,Anger,Prototype with mouth opening
93,Anger,0.40350961173419225,Anger,Prototype with mouth opening
94,Anger,0.014062320045805732,Anger,Prototype with mouth opening
95,Anger,0.11357901787303151,Anger,Prototype with mouth opening
96,Anger,0.18667750465120986,Anger,Prototype with mouth opening
97,Anger,0.39726038965713567,Anger,Prototype with mouth opening
98,Anger,0.8064065658159044,Anger,Prototype with mouth opening
99,Anger,0.1338115770749312,Anger,Prototype with mouth opening
100,Anger,0.3132969198048861,Anger,Prototype with mouth opening
101,Anger,0.18667750465120986,Anger,Prototype with mouth opening
102,Anger,0.025828269847065363,Anger,Prototype with mouth opening
103,Anger,0.0851361774887455,Anger,Prototype with mouth opening
104,Anger,0.28805844238291456,Anger,Prototype with mouth opening
105,Anger,0.00471395432608401,Anger,Prototype with mouth opening
106,Anger,0.4823315779859519,Anger,Prototype with mouth opening
107,Anger,0.8275436347327592,Anger,Prototype with mouth opening
108,Anger,0.2436861928766683,Anger,Prototype with mouth opening
109,Anger,0.03730811677491157,Anger,Prototype with mouth opening
110,Anger,0.1060949866828444,Anger,Prototype with mouth opening
111,Anger,0.1477526330248843,Anger,Prototype with mouth opening
112,Anger,0.0742103056781175,Anger,Prototype with mouth opening
113,Anger,0.11307926979549367,Anger,Prototype with mouth opening
114,Anger,0.5579731509950315,Anger,Prototype with mouth opening
115,Anger,0.4975334756286422,Anger,Prototype with mouth opening
116,Anger,0.9462124413834362,Anger,Prototype with mouth opening
117,Anger,0.21165314477728722,Anger,Prototype with mouth opening
118,Anger,0.06684065271150869,Anger,Prototype with mouth opening
119,Anger,0.8731715739650103,Anger,Prototype with mouth opening
120,Anger,0.3152618354464301,Anger,Prototype with mouth opening
121,Anger,0.1484428904720803,Anger,Prototype with mouth opening
122,Anger,0.5657547255137249,Anger,Prototype with mouth opening
123,Anger,0.022924956365626394,Anger,Prototype with mouth opening
124,Anger,0.24648420462923426,Anger,Prototype with mouth opening
125,Anger,0.26416268961475603,Anger,Prototype with mouth opening
126,Anger,0.1926856677319286,Anger,Prototype with mouth opening
127,Anger,0.6465863043045423,Anger,Prototype with mouth opening
128,Anger,0.30404505752250427,Anger,Prototype with mouth opening
129,Anger,0.9674082716942367,Anger,Prototype with mouth opening
130,Anger,0.5273850622801726,Anger,Prototype with mouth opening
131,Anger,0.18169173166803584,Anger,Prototype with mouth opening
132,Anger,0.03986360758639597,Anger,Prototype with mouth opening
133,Anger,0.2951006941083811,Anger,Prototype with mouth opening
134,Anger,0.03988117115020786,Anger,Prototype with mouth opening
135,Anger,0.5187746676752861,Anger,Prototype with mouth opening
136,Anger,0.27483475502576016,Anger,Prototype with mouth opening
137,Anger,0.3842032732384427,Anger,Prototype with mouth opening
138,Anger,0.8064065658159044,Anger,Prototype with mouth opening
139,Anger,0.11643877539913522,Anger,Prototype with mouth opening
140,Anger,0.5487940384534701,Anger,Prototype with mouth opening
141,Anger,0.06318867857484227,Anger,Prototype with mouth opening
142,Anger,0.09799470923948259,Anger,Prototype with mouth opening
143,Anger,0.42189736724066973,Anger,Prototype with mouth opening
144,Anger,0.1926856677319286,Anger,Prototype with mouth opening
145,Anger,0.3763833528070077,Anger,Prototype with mouth opening
146,Anger,0.3526922563491205,Anger,Prototype with mouth opening
147,Anger,0.28396745074883273,Anger,Prototype with mouth opening
148,Anger,0.5237739492001989,Anger,Prototype with mouth opening
149,Anger,0.0591303777226895,Anger,Prototype with mouth opening
150,Anger,0.18970711345744634,Anger,Prototype with mouth opening
151,Anger,0.09972469893330557,Anger,Prototype with mouth opening
152,Anger,0.7201703589555983,Anger,Prototype with mouth opening
153,Anger,0.8731715739650103,Anger,Prototype with mouth opening
154,Anger,0.5394765592183844,Anger,Prototype with mouth opening
155,Anger,0.01279865701810279,Anger,Prototype with mouth opening
156,Anger,0.7543654279752888,Anger,Prototype with mouth opening
157,Anger,0.16939378865115073,Anger,Prototype with mouth opening
158,Anger,0.03186946552249886,Anger,Prototype with mouth opening
159,Anger,0.33250912561445506,Anger,Prototype with mouth opening
160,Anger,0.8355490681450167,Anger,BO1
161,Anger,0.0798402910781874,Anger,BO1
162,Anger,0.5273850622801726,Anger,BO1
163,Anger,0.2748347550257601,Anger,BO1
164,Anger,0.23312200962361299,Anger,BO1
165,Anger,0.11666026477698445,Anger,BO1
166,Anger,0.3087397803784867,Anger,BO1
167,Anger,0.7213379054789083,Anger,BO1
168,Anger,0.8466086793672353,Anger,BO1
169,Anger,0.9161047784667917,Anger,BO1
170,Anger,0.21555612220306053,Anger,BO1
171,Anger,0.6837462537568376,Anger,BO1
172,Anger,0.03730811677491157,Anger,BO1
173,Anger,0.5428672501848772,Anger,BO1
174,Anger,0.9398838345093976,Anger,BO1
175,Anger,0.3842032732384427,Anger,BO1
176,Anger,0.9161047784667917,Anger,BO1
177,Anger,0.09381103581628396,Anger,BO1
178,Anger,0.9645535844064426,Anger,BO1
179,Anger,0.01036215925210431,Anger,BO1
180,Anger,0.01129824689794322,Anger,BO1
181,Anger,0.2814521518208162,Anger,BO1
182,Anger,0.09718002263382161,Anger,BO1
183,Anger,0.3889056977895595,Anger,BO1
184,Anger,0.17176463673433318,Anger,BO1
185,Anger,0.887227624326491,Anger,BO1
186,Anger,0.5199234710165771,Anger,BO1
187,Anger,0.5914304700299401,Anger,BO1
188,Anger,0.5237739492001989,Anger,BO1
189,Anger,0.017756607013891784,Anger,BO1
190,Anger,0.26416268961475603,Anger,BO1
191,Anger,0.005536913568786868,Anger,BO1
192,Anger,0.8518868880090541,Anger,BO1
193,Anger,0.6532757922688733,Anger,BO1
194,Anger,0.6290759915128575,Anger,BO1
195,Anger,0.4975334756286422,Anger,BO1
196,Anger,0.9836198226619123,Anger,BO1
197,Anger,0.3171154778464976,Anger,BO1
198,Anger,0.8661600384448458,Anger,BO1
199,Anger,0.4666853098622538,Anger,BO1
200,Anger,0.7520638508371285,Anger,BO2
201,Anger,0.05815380722302657,Anger,BO2
202,Anger,0.6601051441865241,Anger,BO2
203,Anger,0.22636385020024619,Anger,BO2
204,Anger,0.4614404623485605,Anger,BO2
205,Anger,0.37197716347506804,Anger,BO2
206,Anger,0.3087397803784867,Anger,BO2
207,Anger,0.7798085617518012,Anger,BO2
208,Anger,0.4813896201535178,Anger,BO2
209,Anger,0.9161047784667917,Anger,BO2
210,Anger,0.17030167791013565,Anger,BO2
211,Anger,0.18273663776601956,Anger,BO2
212,Anger,0.03986360758639597,Anger,BO2
213,Anger,0.40350961173419225,Anger,BO2
214,Anger,0.9577924484198259,Anger,BO2
215,Anger,0.1940141219937962,Anger,BO2
216,Anger,0.8064065658159044,Anger,BO2
217,Anger,0.050341634776450116,Anger,BO2
218,Anger,0.3937246585578439,Anger,BO2
219,Anger,0.9674082716942367,Anger,BO2
220,Anger,0.021791545888895487,Anger,BO2
221,Anger,0.12594809980489335,Anger,BO2
222,Anger,0.26416268961475603,Anger,BO2
223,Anger,0.1940141219937962,Anger,BO2
224,Anger,0.17176463673433318,Anger,BO2
225,Anger,0.9162746266953642,Anger,BO2
226,Anger,0.32150451039640154,Anger,BO2
227,Anger,0.2467755187554856,Anger,BO2
228,Anger,0.596418003109085,Anger,BO2
229,Anger,0.05699986375290967,Anger,BO2
230,Anger,0.26416268961475603,Anger,BO2
231,Anger,0.2672012951780714,Anger,BO2
232,Anger,0.7201703589555983,Anger,BO2
233,Anger,0.11307926979549367,Anger,BO2
234,Anger,0.5753328973843114,Anger,BO2
235,Anger,0.4975334756286422,Anger,BO2
236,Anger,0.9577924484198259,Anger,BO2
237,Anger,0.30912766639646755,Anger,BO2
238,Anger,0.5753328973843113,Anger,BO2
239,Anger,0.4209966704500313,Anger,BO2
240,Anger,0.9795162095804704,Anger,BO3
241,Anger,0.012306846218227056,Anger,BO3
242,Anger,0.25737318554492405,Anger,BO3
243,Anger,0.453882690862462,Anger,BO3
244,Anger,0.6514631424123533,Anger,BO3
245,Anger,0.4777474110630137,Anger,BO3
246,Anger,0.3087397803784867,Anger,BO3
247,Anger,0.47511942464492213,Anger,BO3
248,Anger,0.25252976774280256,Anger,BO3
249,Anger,0.9161047784667917,Anger,BO3
250,Anger,0.6564141061211807,Anger,BO3
251,Anger,0.3203122185793765,Anger,BO3
252,Anger,0.03730811677491157,Anger,BO3
253,Anger,0.28396745074883273,Anger,BO3
254,Anger,0.03178281362589495,Anger,BO3
255,Anger,0.6213006176354635,Anger,BO3
256,Anger,0.8904326030643331,Anger,BO3
257,Anger,0.26416268961475603,Anger,BO3
258,Anger,0.3836042851732601,Anger,BO3
259,Anger,0.5584390247428497,Anger,BO3
260,Anger,0.028644138296353955,Anger,BO3
261,Anger,0.11666026477698442,Anger,BO3
262,Anger,0.26416268961475603,Anger,BO3
263,Anger,0.19084653483828495,Anger,BO3
264,Anger,0.1926856677319286,Anger,BO3
265,Anger,0.8782066434690003,Anger,BO3
266,Anger,0.9287302989850967,Anger,BO3
267,Anger,0.6229490906700155,Anger,BO3
268,Anger,0.3605051742000095,Anger,BO3
269,Anger,0.029172348851737098,Anger,BO3
270,Anger,0.2814521518208162,Anger,BO3
271,Anger,0.004562932635439712,Anger,BO3
272,Anger,0.4538826908624619,Anger,BO3
273,Anger,0.26374476960265286,Anger,BO3
274,Anger,0.6465863043045423,Anger,BO3
275,Anger,0.4975334756286422,Anger,BO3
276,Anger,0.9685325307009933,Anger,BO3
277,Anger,0.14590835520903345,Anger,BO3
278,Anger,0.7087356288313839,Anger,BO3
279,Anger,0.1058873020633826,Anger,BO3
280,Anger,0.17030167791013565,Anger,BO4
281,Anger,0.061232809995283195,Anger,BO4
282,Anger,0.40744851955934663,Anger,BO4
283,Anger,0.056999863752909684,Anger,BO4
284,Anger,0.6514631424123534,Anger,BO4
285,Anger,0.09718002263382161,Anger,BO4
286,Anger,0.18629330463907887,Anger,BO4
287,Anger,0.8731715739650103,Anger,BO4
288,Anger,0.46483739189611695,Anger,BO4
289,Anger,0.8006819620680201,Anger,BO4
290,Anger,0.09828394222408382,Anger,BO4
291,Anger,0.9359590510597331,Anger,BO4
292,Anger,0.08071639937818298,Anger,BO4
293,Anger,0.11827489961872635,Anger,BO4
294,Anger,0.0048306539588345845,Anger,BO4
295,Anger,0.6700135344458286,Anger,BO4
296,Anger,0.8904326030643331,Anger,BO4
297,Anger,0.19084653483828493,Anger,BO4
298,Anger,0.9188503120755136,Anger,BO4
299,Anger,0.6290759915128575,Anger,BO4
300,Anger,0.021005033067033024,Anger,BO4
301,Anger,0.1607330312735064,Anger,BO4
302,Anger,0.06722505218291155,Anger,BO4
303,Anger,0.2583248965865188,Anger,BO4
304,Anger,0.5237739492001988,Anger,BO4
305,Anger,0.887227624326491,Anger,BO4
306,Anger,0.8065381698474374,Anger,BO4
307,Anger,0.2467755187554856,Anger,BO4
308,Anger,0.5237739492001989,Anger,BO4
309,Anger,0.08964714045666504,Anger,BO4
310,Anger,0.22636385020024619,Anger,BO4
311,Anger,0.8246370615801482,Anger,BO4
312,Anger,0.7368713948671644,Anger,BO4
313,Anger,0.003837159261943895,Anger,BO4
314,Anger,0.4589883558426809,Anger,BO4
315,Anger,0.3273596126268555,Anger,BO4
316,Anger,0.9539010808490994,Anger,BO4
317,Anger,0.12236423552739883,Anger,BO4
318,Anger,0.7493535570170834,Anger,BO4
319,Anger,0.33250912561445506,Anger,BO4
320,Disgust,0.8518868880090541,Disgust,Prototype
321,Disgust,0.6168633792454105,Disgust,Prototype
322,Disgust,0.40228996048513926,Disgust,Prototype
323,Disgust,0.10597077880854272,Disgust,Prototype
324,Disgust,0.7864474977243411,Disgust,Prototype
325,Disgust,0.11783627997136592,Disgust,Prototype
326,Disgust,0.2583248965865188,Disgust,Prototype
327,Disgust,0.7257976689399996,Disgust,Prototype
328,Disgust,0.015562294482453614,Disgust,Prototype
329,Disgust,0.39349302108079914,Disgust,Prototype
330,Disgust,0.8838875235922176,Disgust,Prototype
331,Disgust,0.192836680169289,Disgust,Prototype
332,Disgust,0.16666666666666666,Disgust,Prototype
333,Disgust,0.2477313212889216,Disgust,Prototype
334,Disgust,0.8731715739650103,Disgust,Prototype
335,Disgust,0.3842032732384427,Disgust,Prototype
336,Disgust,0.3326204778874109,Disgust,Prototype
337,Disgust,0.5237739492001989,Disgust,Prototype
338,Disgust,0.3719771634750681,Disgust,Prototype
339,Disgust,0.6954681588261764,Disgust,Prototype
340,Disgust,0.6996128533993852,Disgust,Prototype
341,Disgust,0.5074420686754627,Disgust,Prototype
342,Disgust,0.48633010757520734,Disgust,Prototype
343,Disgust,0.4369176781439119,Disgust,Prototype
344,Disgust,0.12956251432964971,Disgust,Prototype
345,Disgust,0.9127126813536184,Disgust,Prototype
346,Disgust,0.19268566773192858,Disgust,Prototype
347,Disgust,0.4565621726937154,Disgust,Prototype
348,Disgust,0.35218742835175143,Disgust,Prototype
349,Disgust,0.02730044578202778,Disgust,Prototype
350,Disgust,0.12974823017120957,Disgust,Prototype
351,Disgust,0.07929866577714505,Disgust,Prototype
352,Disgust,0.09972469893330556,Disgust,Prototype
353,Disgust,0.8518868880090541,Disgust,Prototype
354,Disgust,0.27483475502576016,Disgust,Prototype
355,Disgust,0.2964863158673718,Disgust,Prototype
356,Disgust,0.23476256210010718,Disgust,Prototype
357,Disgust,0.2583248965865188,Disgust,Prototype
358,Disgust,0.24368619287666832,Disgust,Prototype
359,Disgust,0.23476256210010718,Disgust,Prototype
360,Disgust,0.6383748766057051,Disgust,Prototype
361,Disgust,0.5579731509950313,Disgust,Prototype
362,Disgust,0.4500949100635354,Disgust,Prototype
363,Disgust,0.15494169386417578,Disgust,Prototype
364,Disgust,0.4275745799015491,Disgust,Prototype
365,Disgust,0.07786284062284679,Disgust,Prototype
366,Disgust,0.22206358372827745,Disgust,Prototype
367,Disgust,0.9436614513020996,Disgust,Prototype
368,Disgust,0.6383748766057054,Disgust,Prototype
369,Disgust,0.19268566773192858,Disgust,Prototype
370,Disgust,0.793674096262305,Disgust,Prototype
371,Disgust,0.40228996048513926,Disgust,Prototype
372,Disgust,0.12956251432964971,Disgust,Prototype
373,Disgust,0.3240001476951149,Disgust,Prototype
374,Disgust,0.9836198226619123,Disgust,Prototype
375,Disgust,0.35269225634912055,Disgust,Prototype
376,Disgust,0.04878906985862268,Disgust,Prototype
377,Disgust,0.18667750465120989,Disgust,Prototype
378,Disgust,0.0807884402806643,Disgust,Prototype
379,Disgust,0.6790648395599009,Disgust,Prototype
380,Disgust,0.21555612220306053,Disgust,Prototype
381,Disgust,0.35269225634912055,Disgust,Prototype
382,Disgust,0.48633010757520734,Disgust,Prototype
383,Disgust,0.11357901787303151,Disgust,Prototype
384,Disgust,0.12956251432964971,Disgust,Prototype
385,Disgust,0.8749339938217527,Disgust,Prototype
386,Disgust,0.1862933046390789,Disgust,Prototype
387,Disgust,0.3842032732384427,Disgust,Prototype
388,Disgust,0.35218742835175143,Disgust,Prototype
389,Disgust,0.1789108481996147,Disgust,Prototype
390,Disgust,0.5579731509950313,Disgust,Prototype
391,Disgust,0.30511911953891024,Disgust,Prototype
392,Disgust,0.07786284062284679,Disgust,Prototype
393,Disgust,0.6383748766057051,Disgust,Prototype
394,Disgust,0.043123569051565204,Disgust,Prototype
395,Disgust,0.5306250064399833,Disgust,Prototype
396,Disgust,0.8699362741351853,Disgust,Prototype
397,Disgust,0.0742103056781175,Disgust,Prototype
398,Disgust,0.23142412421212094,Disgust,Prototype
399,Disgust,0.17176463673433315,Disgust,Prototype
400,Disgust,0.040912564974696475,Disgust,Prototype with mouth opening
401,Disgust,0.05093794765768231,Disgust,Prototype with mouth opening
402,Disgust,0.07551345442833783,Disgust,Prototype with mouth opening
403,Disgust,0.12236423552739882,Disgust,Prototype with mouth opening
404,Disgust,0.08513617748874551,Disgust,Prototype with mouth opening
405,Disgust,0.17891084819961467,Disgust,Prototype with mouth opening
406,Disgust,0.06318867857484227,Disgust,Prototype with mouth opening
407,Disgust,0.4933516455211341,Disgust,Prototype with mouth opening
408,Disgust,0.6383748766057054,Disgust,Prototype with mouth opening
409,Disgust,0.10141397588327022,Disgust,Prototype with mouth opening
410,Disgust,0.3606995921369843,Disgust,Prototype with mouth opening
411,Disgust,0.08348338014847165,Disgust,Prototype with mouth opening
412,Disgust,0.12956251432964971,Disgust,Prototype with mouth opening
413,Disgust,0.39552764076806923,Disgust,Prototype with mouth opening
414,Disgust,0.9462124413834362,Disgust,Prototype with mouth opening
415,Disgust,0.12974823017120954,Disgust,Prototype with mouth opening
416,Disgust,0.05325348945960037,Disgust,Prototype with mouth opening
417,Disgust,0.035060531295422984,Disgust,Prototype with mouth opening
418,Disgust,0.006257735531006381,Disgust,Prototype with mouth opening
419,Disgust,0.006518345661152641,Disgust,Prototype with mouth opening
420,Disgust,0.09530440511646797,Disgust,Prototype with mouth opening
421,Disgust,0.08988913538636874,Disgust,Prototype with mouth opening
422,Disgust,0.09530440511646797,Disgust,Prototype with mouth opening
423,Disgust,0.015154452788900886,Disgust,Prototype with mouth opening
424,Disgust,0.28805844238291456,Disgust,Prototype with mouth opening
425,Disgust,0.11121188192636744,Disgust,Prototype with mouth opening
426,Disgust,0.015154452788900886,Disgust,Prototype with mouth opening
427,Disgust,0.2849041265274668,Disgust,Prototype with mouth opening
428,Disgust,0.2436861928766683,Disgust,Prototype with mouth opening
429,Disgust,0.06318867857484228,Disgust,Prototype with mouth opening
430,Disgust,0.05913037772268951,Disgust,Prototype with mouth opening
431,Disgust,0.03310123639613509,Disgust,Prototype with mouth opening
432,Disgust,0.1368427510277463,Disgust,Prototype with mouth opening
433,Disgust,0.016779044306641587,Disgust,Prototype with mouth opening
434,Disgust,0.016308842012481912,Disgust,Prototype with mouth opening
435,Disgust,0.32690381444119676,Disgust,Prototype with mouth opening
436,Disgust,0.03730811677491156,Disgust,Prototype with mouth opening
437,Disgust,0.22206358372827747,Disgust,Prototype with mouth opening
438,Disgust,0.11643877539913522,Disgust,Prototype with mouth opening
439,Disgust,0.3934930210807992,Disgust,Prototype with mouth opening
440,Disgust,0.9836198226619123,Disgust,Prototype with mouth opening
441,Disgust,0.03700234349654297,Disgust,Prototype with mouth opening
442,Disgust,0.41274109337843456,Disgust,Prototype with mouth opening
443,Disgust,0.06867481609036641,Disgust,Prototype with mouth opening
444,Disgust,0.6417819394594778,Disgust,Prototype with mouth opening
445,Disgust,0.09746445950786893,Disgust,Prototype with mouth opening
446,Disgust,0.14112013006050955,Disgust,Prototype with mouth opening
447,Disgust,0.4933516455211341,Disgust,Prototype with mouth opening
448,Disgust,0.4275745799015491,Disgust,Prototype with mouth opening
449,Disgust,0.03986360758639596,Disgust,Prototype with mouth opening
450,Disgust,0.015301028087236698,Disgust,Prototype with mouth opening
451,Disgust,0.1897071134574463,Disgust,Prototype with mouth opening
452,Disgust,0.1926856677319286,Disgust,Prototype with mouth opening
453,Disgust,0.40937969187384254,Disgust,Prototype with mouth opening
454,Disgust,0.0048306539588345845,Disgust,Prototype with mouth opening
455,Disgust,0.31216461906479326,Disgust,Prototype with mouth opening
456,Disgust,0.04878906985862268,Disgust,Prototype with mouth opening
457,Disgust,0.08988913538636874,Disgust,Prototype with mouth opening
458,Disgust,0.002448407203244321,Disgust,Prototype with mouth opening
459,Disgust,0.006518345661152641,Disgust,Prototype with mouth opening
460,Disgust,0.08505617782704253,Disgust,Prototype with mouth opening
461,Disgust,0.033068364893321454,Disgust,Prototype with mouth opening
462,Disgust,0.1789108481996146,Disgust,Prototype with mouth opening
463,Disgust,0.021005033067033024,Disgust,Prototype with mouth opening
464,Disgust,0.08071639937818298,Disgust,Prototype with mouth opening
465,Disgust,0.04623875889087773,Disgust,Prototype with mouth opening
466,Disgust,0.23415526541674053,Disgust,Prototype with mouth opening
467,Disgust,0.192836680169289,Disgust,Prototype with mouth opening
468,Disgust,0.3087397803784867,Disgust,Prototype with mouth opening
469,Disgust,0.16697411067187304,Disgust,Prototype with mouth opening
470,Disgust,0.22636385020024619,Disgust,Prototype with mouth opening
471,Disgust,0.050341634776450116,Disgust,Prototype with mouth opening
472,Disgust,0.043123569051565204,Disgust,Prototype with mouth opening
473,Disgust,0.006518345661152641,Disgust,Prototype with mouth opening
474,Disgust,0.0709406501380342,Disgust,Prototype with mouth opening
475,Disgust,0.28805844238291456,Disgust,Prototype with mouth opening
476,Disgust,0.0064461465322465114,Disgust,Prototype with mouth opening
477,Disgust,0.19802815177377547,Disgust,Prototype with mouth opening
478,Disgust,0.03986360758639597,Disgust,Prototype with mouth opening
479,Disgust,0.3175247089408111,Disgust,Prototype with mouth opening
480,Disgust,0.002448407203244321,Disgust,BO1
481,Disgust,0.09180822036276541,Disgust,BO1
482,Disgust,0.03242282217128505,Disgust,BO1
483,Disgust,0.3842032732384428,Disgust,BO1
484,Disgust,0.9500412054202156,Disgust,BO1
485,Disgust,0.03700234349654297,Disgust,BO1
486,Disgust,0.2111593991257591,Disgust,BO1
487,Disgust,0.015450466457728547,Disgust,BO1
488,Disgust,0.36373757840023235,Disgust,BO1
489,Disgust,0.03986360758639597,Disgust,BO1
490,Disgust,0.09746445950786893,Disgust,BO1
491,Disgust,0.1718846265673271,Disgust,BO1
492,Disgust,0.03986360758639597,Disgust,BO1
493,Disgust,0.11499066695892868,Disgust,BO1
494,Disgust,0.9877579639837781,Disgust,BO1
495,Disgust,0.5859422899976771,Disgust,BO1
496,Disgust,0.0023391028764512146,Disgust,BO1
497,Disgust,0.036156641741522284,Disgust,BO1
498,Disgust,0.10609498668284437,Disgust,BO1
499,Disgust,0.016308842012481905,Disgust,BO1
500,Disgust,0.30116330637895883,Disgust,BO1
501,Disgust,0.036156641741522284,Disgust,BO1
502,Disgust,0.016716915880841187,Disgust,BO1
503,Disgust,0.0742103056781175,Disgust,BO1
504,Disgust,0.03986360758639597,Disgust,BO1
505,Disgust,0.04497434592369996,Disgust,BO1
506,Disgust,0.9674082716942367,Disgust,BO1
507,Disgust,0.43780029753154387,Disgust,BO1
508,Disgust,0.29359902599262744,Disgust,BO1
509,Disgust,0.0419792444610772,Disgust,BO1
510,Disgust,0.26416268961475603,Disgust,BO1
511,Disgust,0.10877939234109375,Disgust,BO1
512,Disgust,0.2314241242121209,Disgust,BO1
513,Disgust,0.5487940384534701,Disgust,BO1
514,Disgust,0.1130601549079055,Disgust,BO1
515,Disgust,0.2923852419935739,Disgust,BO1
516,Disgust,0.6381508065592094,Disgust,BO1
517,Disgust,0.35269225634912055,Disgust,BO1
518,Disgust,0.2594378803103492,Disgust,BO1
519,Disgust,0.4975334756286422,Disgust,BO1
520,Disgust,0.002448407203244321,Disgust,BO2
521,Disgust,0.18169173166803587,Disgust,BO2
522,Disgust,0.014358395072707395,Disgust,BO2
523,Disgust,0.05510858926270861,Disgust,BO2
524,Disgust,0.04400616856658769,Disgust,BO2
525,Disgust,0.016716915880841187,Disgust,BO2
526,Disgust,0.3423624310285878,Disgust,BO2
527,Disgust,0.20448859042674103,Disgust,BO2
528,Disgust,0.01510375463416885,Disgust,BO2
529,Disgust,0.015864274484007915,Disgust,BO2
530,Disgust,0.01665218183735969,Disgust,BO2
531,Disgust,0.06867481609036642,Disgust,BO2
532,Disgust,0.006518345661152641,Disgust,BO2
533,Disgust,0.08958739308041548,Disgust,BO2
534,Disgust,0.10483919586712288,Disgust,BO2
535,Disgust,0.518774667675286,Disgust,BO2
536,Disgust,0.002438149776435393,Disgust,BO2
537,Disgust,0.03951470649241401,Disgust,BO2
538,Disgust,0.016779044306641584,Disgust,BO2
539,Disgust,0.9161047784667917,Disgust,BO2
540,Disgust,0.17176463673433315,Disgust,BO2
541,Disgust,0.006401327289068683,Disgust,BO2
542,Disgust,0.006401327289068683,Disgust,BO2
543,Disgust,0.0419792444610772,Disgust,BO2
544,Disgust,0.006518345661152641,Disgust,BO2
545,Disgust,0.004686027593722328,Disgust,BO2
546,Disgust,0.8997078299321128,Disgust,BO2
547,Disgust,0.4647185756620648,Disgust,BO2
548,Disgust,0.29359902599262744,Disgust,BO2
549,Disgust,0.37197716347506804,Disgust,BO2
550,Disgust,0.20189004418448162,Disgust,BO2
551,Disgust,0.03131984939803242,Disgust,BO2
552,Disgust,0.002448407203244321,Disgust,BO2
553,Disgust,0.006518345661152641,Disgust,BO2
554,Disgust,0.017211299668653913,Disgust,BO2
555,Disgust,0.1992700483506139,Disgust,BO2
556,Disgust,0.19514907491636785,Disgust,BO2
557,Disgust,0.3423624310285878,Disgust,BO2
558,Disgust,0.11817092227671361,Disgust,BO2
559,Disgust,0.046982137192095354,Disgust,BO2
560,Disgust,0.04433202888573902,Disgust,BO3
561,Disgust,0.07551345442833785,Disgust,BO3
562,Disgust,0.06684065271150869,Disgust,BO3
563,Disgust,0.056999863752909684,Disgust,BO3
564,Disgust,0.7864474977243411,Disgust,BO3
565,Disgust,0.08189353410018847,Disgust,BO3
566,Disgust,0.3087397803784866,Disgust,BO3
567,Disgust,0.9188503120755136,Disgust,BO3
568,Disgust,0.022967938466403715,Disgust,BO3
569,Disgust,0.03986360758639597,Disgust,BO3
570,Disgust,0.03310123639613509,Disgust,BO3
571,Disgust,0.037194839414676314,Disgust,BO3
572,Disgust,0.08071639937818298,Disgust,BO3
573,Disgust,0.0048306539588345845,Disgust,BO3
574,Disgust,0.8603726435149963,Disgust,BO3
575,Disgust,0.264162689614756,Disgust,BO3
576,Disgust,0.041305545020097624,Disgust,BO3
577,Disgust,0.08505617782704254,Disgust,BO3
578,Disgust,0.008834211007024024,Disgust,BO3
579,Disgust,0.6790648395599009,Disgust,BO3
580,Disgust,0.06581762285518299,Disgust,BO3
581,Disgust,0.19514907491636782,Disgust,BO3
582,Disgust,0.1005827979370525,Disgust,BO3
583,Disgust,0.43769489956474866,Disgust,BO3
584,Disgust,0.03986360758639597,Disgust,BO3
585,Disgust,0.015716905553217177,Disgust,BO3
586,Disgust,0.9674082716942367,Disgust,BO3
587,Disgust,0.008834211007024025,Disgust,BO3
588,Disgust,0.3934930210807992,Disgust,BO3
589,Disgust,0.1789108481996147,Disgust,BO3
590,Disgust,0.2814521518208162,Disgust,BO3
591,Disgust,0.7610119622396693,Disgust,BO3
592,Disgust,0.08988913538636875,Disgust,BO3
593,Disgust,0.8296440496335613,Disgust,BO3
594,Disgust,0.10643409485524902,Disgust,BO3
595,Disgust,0.002448407203244321,Disgust,BO3
596,Disgust,0.22260970561283347,Disgust,BO3
597,Disgust,0.14134048545519726,Disgust,BO3
598,Disgust,0.12956251432964971,Disgust,BO3
599,Disgust,0.4975334756286422,Disgust,BO3
600,Disgust,0.9577924484198259,Disgust,BO4
601,Disgust,0.6561771959352771,Disgust,BO4
602,Disgust,0.1477526330248843,Disgust,BO4
603,Disgust,0.2436861928766683,Disgust,BO4
604,Disgust,0.5859422899976768,Disgust,BO4
605,Disgust,0.18273663776601956,Disgust,BO4
606,Disgust,0.332620477887411,Disgust,BO4
607,Disgust,0.016652181837359687,Disgust,BO4
608,Disgust,0.40937969187384254,Disgust,BO4
609,Disgust,0.7864474977243411,Disgust,BO4
610,Disgust,0.012812042680952361,Disgust,BO4
611,Disgust,0.6514631424123535,Disgust,BO4
612,Disgust,0.3521874283517515,Disgust,BO4
613,Disgust,0.4113292576135944,Disgust,BO4
614,Disgust,0.7257976689399996,Disgust,BO4
615,Disgust,0.3622122152472241,Disgust,BO4
616,Disgust,0.006257735531006381,Disgust,BO4
617,Disgust,0.3966200305850633,Disgust,BO4
618,Disgust,0.9645535844064426,Disgust,BO4
619,Disgust,0.42757457990154907,Disgust,BO4
620,Disgust,0.5859422899976768,Disgust,BO4
621,Disgust,0.03855175842107983,Disgust,BO4
622,Disgust,0.19084653483828493,Disgust,BO4
623,Disgust,0.35665098580805654,Disgust,BO4
624,Disgust,0.5237739492001988,Disgust,BO4
625,Disgust,0.01678215518546201,Disgust,BO4
626,Disgust,0.7110307571485917,Disgust,BO4
627,Disgust,0.6229490906700155,Disgust,BO4
628,Disgust,0.2436861928766683,Disgust,BO4
629,Disgust,0.1789108481996147,Disgust,BO4
630,Disgust,0.20189004418448162,Disgust,BO4
631,Disgust,0.6700135344458286,Disgust,BO4
632,Disgust,0.11228011244272837,Disgust,BO4
633,Disgust,0.6564141061211807,Disgust,BO4
634,Disgust,0.0423930869653259,Disgust,BO4
635,Disgust,0.3986967037322754,Disgust,BO4
636,Disgust,0.8431756646304875,Disgust,BO4
637,Disgust,0.1816917316680359,Disgust,BO4
638,Disgust,0.11655910574548274,Disgust,BO4
639,Disgust,0.4666853098622538,Disgust,BO4
640,Fear,0.017542580615614093,Fear,Prototype
641,Fear,0.3763833528070077,Fear,Prototype
642,Fear,0.1718846265673271,Fear,Prototype
643,Fear,0.11357901787303151,Fear,Prototype
644,Fear,0.04400616856658769,Fear,Prototype
645,Fear,0.2111593991257591,Fear,Prototype
646,Fear,0.18629330463907887,Fear,Prototype
647,Fear,0.1338115770749312,Fear,Prototype
648,Fear,0.019362474564500635,Fear,Prototype
649,Fear,0.037308116774911575,Fear,Prototype
650,Fear,0.18667750465120986,Fear,Prototype
651,Fear,0.045015286585190224,Fear,Prototype
652,Fear,0.12956251432964971,Fear,Prototype
653,Fear,0.05325348945960037,Fear,Prototype
654,Fear,0.09530440511646798,Fear,Prototype
655,Fear,0.1897071134574463,Fear,Prototype
656,Fear,0.36050517420000944,Fear,Prototype
657,Fear,0.2583248965865188,Fear,Prototype
658,Fear,0.10597077880854272,Fear,Prototype
659,Fear,0.41274109337843456,Fear,Prototype
660,Fear,0.12974823017120954,Fear,Prototype
661,Fear,0.17176463673433318,Fear,Prototype
662,Fear,0.24368619287666826,Fear,Prototype
663,Fear,0.0419792444610772,Fear,Prototype
664,Fear,0.12956251432964971,Fear,Prototype
665,Fear,0.034625320771151304,Fear,Prototype
666,Fear,0.12956251432964971,Fear,Prototype
667,Fear,0.1518389627805486,Fear,Prototype
668,Fear,0.2436861928766683,Fear,Prototype
669,Fear,0.08505617782704256,Fear,Prototype
670,Fear,0.3842032732384428,Fear,Prototype
671,Fear,0.03242282217128505,Fear,Prototype
672,Fear,0.03986360758639597,Fear,Prototype
673,Fear,0.046982137192095354,Fear,Prototype
674,Fear,0.037308116774911575,Fear,Prototype
675,Fear,0.05328483818316443,Fear,Prototype
676,Fear,0.15494169386417578,Fear,Prototype
677,Fear,0.2111593991257591,Fear,Prototype
678,Fear,0.16666666666666666,Fear,Prototype
679,Fear,0.03177165783517088,Fear,Prototype
680,Fear,0.21555612220306053,Fear,Prototype
681,Fear,0.3763833528070077,Fear,Prototype
682,Fear,0.27483475502576016,Fear,Prototype
683,Fear,0.06318867857484227,Fear,Prototype
684,Fear,0.013190380233000811,Fear,Prototype
685,Fear,0.08964714045666504,Fear,Prototype
686,Fear,0.30873978037848665,Fear,Prototype
687,Fear,0.10145579244445299,Fear,Prototype
688,Fear,0.02209591455237478,Fear,Prototype
689,Fear,0.037308116774911575,Fear,Prototype
690,Fear,0.07786284062284679,Fear,Prototype
691,Fear,0.02641055532716959,Fear,Prototype
692,Fear,0.12956251432964971,Fear,Prototype
693,Fear,0.37197716347506804,Fear,Prototype
694,Fear,0.016779044306641584,Fear,Prototype
695,Fear,0.14799420585215464,Fear,Prototype
696,Fear,0.05325348945960036,Fear,Prototype
697,Fear,0.1059707788085427,Fear,Prototype
698,Fear,0.17176463673433315,Fear,Prototype
699,Fear,0.2538048224946603,Fear,Prototype
700,Fear,0.08513617748874552,Fear,Prototype
701,Fear,0.17176463673433315,Fear,Prototype
702,Fear,0.0742103056781175,Fear,Prototype
703,Fear,0.0419792444610772,Fear,Prototype
704,Fear,0.12956251432964971,Fear,Prototype
705,Fear,0.016895451915674504,Fear,Prototype
706,Fear,0.12956251432964971,Fear,Prototype
707,Fear,0.017756607013891784,Fear,Prototype
708,Fear,0.2880584423829145,Fear,Prototype
709,Fear,0.12956251432964971,Fear,Prototype
710,Fear,0.2111593991257591,Fear,Prototype
711,Fear,0.2880584423829145,Fear,Prototype
712,Fear,0.03986360758639597,Fear,Prototype
713,Fear,0.012709114667630951,Fear,Prototype
714,Fear,0.16666666666666666,Fear,Prototype
715,Fear,0.29372796344396124,Fear,Prototype
716,Fear,0.6648561058377347,Fear,Prototype
717,Fear,0.02421295031519747,Fear,Prototype
718,Fear,0.12956251432964971,Fear,Prototype
719,Fear,0.08964714045666504,Fear,Prototype
720,Fear,0.10424817473721909,Fear,Prototype with mouth opening
721,Fear,0.2337529121931931,Fear,Prototype with mouth opening
722,Fear,0.02028566729968614,Fear,Prototype with mouth opening
723,Fear,0.12236423552739882,Fear,Prototype with mouth opening
724,Fear,0.03668666651457478,Fear,Prototype with mouth opening
725,Fear,0.02027331702171179,Fear,Prototype with mouth opening
726,Fear,0.07088509576696811,Fear,Prototype with mouth opening
727,Fear,0.00898473093936249,Fear,Prototype with mouth opening
728,Fear,0.08816594889658962,Fear,Prototype with mouth opening
729,Fear,0.016779044306641584,Fear,Prototype with mouth opening
730,Fear,0.050341634776450116,Fear,Prototype with mouth opening
731,Fear,0.013938420290388796,Fear,Prototype with mouth opening
732,Fear,0.08071639937818298,Fear,Prototype with mouth opening
733,Fear,0.020122560386569236,Fear,Prototype with mouth opening
734,Fear,0.002448407203244321,Fear,Prototype with mouth opening
735,Fear,0.17030167791013565,Fear,Prototype with mouth opening
736,Fear,0.03177165783517088,Fear,Prototype with mouth opening
737,Fear,0.043123569051565204,Fear,Prototype with mouth opening
738,Fear,0.07421030567811748,Fear,Prototype with mouth opening
739,Fear,0.005781926431861873,Fear,Prototype with mouth opening
740,Fear,0.03012694756033179,Fear,Prototype with mouth opening
741,Fear,0.06581762285518299,Fear,Prototype with mouth opening
742,Fear,0.08505617782704253,Fear,Prototype with mouth opening
743,Fear,0.12594809980489335,Fear,Prototype with mouth opening
744,Fear,0.08071639937818298,Fear,Prototype with mouth opening
745,Fear,0.011754646248451258,Fear,Prototype with mouth opening
746,Fear,0.06318867857484228,Fear,Prototype with mouth opening
747,Fear,0.0868670211641511,Fear,Prototype with mouth opening
748,Fear,0.1059707788085427,Fear,Prototype with mouth opening
749,Fear,0.15494169386417575,Fear,Prototype with mouth opening
750,Fear,0.07929866577714505,Fear,Prototype with mouth opening
751,Fear,0.10386341033097256,Fear,Prototype with mouth opening
752,Fear,0.04089408142812722,Fear,Prototype with mouth opening
753,Fear,0.00879891774333843,Fear,Prototype with mouth opening
754,Fear,0.09972469893330557,Fear,Prototype with mouth opening
755,Fear,0.24392777558018416,Fear,Prototype with mouth opening
756,Fear,0.006599928304898305,Fear,Prototype with mouth opening
757,Fear,0.0776812017484818,Fear,Prototype with mouth opening
758,Fear,0.006545314847520529,Fear,Prototype with mouth opening
759,Fear,0.001640850340643973,Fear,Prototype with mouth opening
760,Fear,0.20709687443242272,Fear,Prototype with mouth opening
761,Fear,0.6864470788002434,Fear,Prototype with mouth opening
762,Fear,0.011931963665744673,Fear,Prototype with mouth opening
763,Fear,0.0776812017484818,Fear,Prototype with mouth opening
764,Fear,0.004648597477031475,Fear,Prototype with mouth opening
765,Fear,0.0918082203627654,Fear,Prototype with mouth opening
766,Fear,0.15494169386417575,Fear,Prototype with mouth opening
767,Fear,0.13269396438612097,Fear,Prototype with mouth opening
768,Fear,0.023561708262332077,Fear,Prototype with mouth opening
769,Fear,0.016779044306641584,Fear,Prototype with mouth opening
770,Fear,0.2517935958244747,Fear,Prototype with mouth opening
771,Fear,0.030932736327212905,Fear,Prototype with mouth opening
772,Fear,0.03986360758639597,Fear,Prototype with mouth opening
773,Fear,0.005254308758516704,Fear,Prototype with mouth opening
774,Fear,0.002448407203244321,Fear,Prototype with mouth opening
775,Fear,0.37638335280700774,Fear,Prototype with mouth opening
776,Fear,0.09972469893330556,Fear,Prototype with mouth opening
777,Fear,0.10141397588327018,Fear,Prototype with mouth opening
778,Fear,0.0024007521186472642,Fear,Prototype with mouth opening
779,Fear,0.010228167518566925,Fear,Prototype with mouth opening
780,Fear,0.04633371657282921,Fear,Prototype with mouth opening
781,Fear,0.07421030567811748,Fear,Prototype with mouth opening
782,Fear,0.06581762285518299,Fear,Prototype with mouth opening
783,Fear,0.04356039856777186,Fear,Prototype with mouth opening
784,Fear,0.03986360758639597,Fear,Prototype with mouth opening
785,Fear,0.041305545020097624,Fear,Prototype with mouth opening
786,Fear,0.005995403320697185,Fear,Prototype with mouth opening
787,Fear,0.12783214127172157,Fear,Prototype with mouth opening
788,Fear,0.08964714045666504,Fear,Prototype with mouth opening
789,Fear,0.0382092133507184,Fear,Prototype with mouth opening
790,Fear,0.12731992554415347,Fear,Prototype with mouth opening
791,Fear,0.10643409485524902,Fear,Prototype with mouth opening
792,Fear,0.07088509576696811,Fear,Prototype with mouth opening
793,Fear,0.004713954326084009,Fear,Prototype with mouth opening
794,Fear,0.0382092133507184,Fear,Prototype with mouth opening
795,Fear,0.023480384525181714,Fear,Prototype with mouth opening
796,Fear,0.03380864759338135,Fear,Prototype with mouth opening
797,Fear,0.18667750465120989,Fear,Prototype with mouth opening
798,Fear,0.12956251432964971,Fear,Prototype with mouth opening
799,Fear,0.0031258610269345112,Fear,Prototype with mouth opening
800,Fear,0.04400616856658769,Fear,BO1
801,Fear,0.03012694756033179,Fear,BO1
802,Fear,0.19401412199379614,Fear,BO1
803,Fear,0.030126947560331786,Fear,BO1
804,Fear,0.04356039856777186,Fear,BO1
805,Fear,0.19401412199379614,Fear,BO1
806,Fear,0.11666026477698443,Fear,BO1
807,Fear,0.008362227885313983,Fear,BO1
808,Fear,0.04105626176356528,Fear,BO1
809,Fear,0.030126947560331786,Fear,BO1
810,Fear,0.03242282217128505,Fear,BO1
811,Fear,0.1368427510277463,Fear,BO1
812,Fear,0.08071639937818298,Fear,BO1
813,Fear,0.2105230643672936,Fear,BO1
814,Fear,0.2637447696026529,Fear,BO1
815,Fear,0.633691322573722,Fear,BO1
816,Fear,0.11197710180578468,Fear,BO1
817,Fear,0.08576079462509834,Fear,BO1
818,Fear,0.04400616856658769,Fear,BO1
819,Fear,0.01243750638341536,Fear,BO1
820,Fear,0.19401412199379617,Fear,BO1
821,Fear,0.04105626176356528,Fear,BO1
822,Fear,0.10178077426506045,Fear,BO1
823,Fear,0.07786284062284679,Fear,BO1
824,Fear,0.08071639937818298,Fear,BO1
825,Fear,0.01510375463416885,Fear,BO1
826,Fear,0.037308116774911575,Fear,BO1
827,Fear,0.08766261177275866,Fear,BO1
828,Fear,0.2880584423829145,Fear,BO1
829,Fear,0.09718002263382161,Fear,BO1
830,Fear,0.20543823635072478,Fear,BO1
831,Fear,0.4297017439373419,Fear,BO1
832,Fear,0.15494169386417575,Fear,BO1
833,Fear,0.0017393497758082467,Fear,BO1
834,Fear,0.005236915096057995,Fear,BO1
835,Fear,0.023657077610912017,Fear,BO1
836,Fear,0.016782155185462007,Fear,BO1
837,Fear,0.12974823017120957,Fear,BO1
838,Fear,0.002448407203244321,Fear,BO1
839,Fear,0.0017393497758082463,Fear,BO1
840,Fear,0.11307926979549367,Fear,BO2
841,Fear,0.06978934688497278,Fear,BO2
842,Fear,0.010228167518566929,Fear,BO2
843,Fear,0.08964714045666504,Fear,BO2
844,Fear,0.03951470649241401,Fear,BO2
845,Fear,0.2663772374108132,Fear,BO2
846,Fear,0.07768120174848181,Fear,BO2
847,Fear,0.20189004418448153,Fear,BO2
848,Fear,0.05287072007113832,Fear,BO2
849,Fear,0.19514907491636785,Fear,BO2
850,Fear,0.017211299668653913,Fear,BO2
851,Fear,0.005590097634537569,Fear,BO2
852,Fear,0.08071639937818298,Fear,BO2
853,Fear,0.07020851658581446,Fear,BO2
854,Fear,0.03380864759338135,Fear,BO2
855,Fear,0.07600444628461343,Fear,BO2
856,Fear,0.044332028885739026,Fear,BO2
857,Fear,0.3171154778464976,Fear,BO2
858,Fear,0.0452653232926906,Fear,BO2
859,Fear,0.0033241772394330027,Fear,BO2
860,Fear,0.22636385020024619,Fear,BO2
861,Fear,0.12594809980489335,Fear,BO2
862,Fear,0.09485229912989047,Fear,BO2
863,Fear,0.17891084819961467,Fear,BO2
864,Fear,0.08071639937818298,Fear,BO2
865,Fear,0.08348338014847165,Fear,BO2
866,Fear,0.05786592687575183,Fear,BO2
867,Fear,0.022732992238810427,Fear,BO2
868,Fear,0.19268566773192858,Fear,BO2
869,Fear,0.09746445950786893,Fear,BO2
870,Fear,0.2883960743905803,Fear,BO2
871,Fear,0.07929866577714505,Fear,BO2
872,Fear,0.03730811677491157,Fear,BO2
873,Fear,0.2553052381210713,Fear,BO2
874,Fear,0.08004141017626494,Fear,BO2
875,Fear,0.06167473672242779,Fear,BO2
876,Fear,0.03668666651457478,Fear,BO2
877,Fear,0.29359902599262755,Fear,BO2
878,Fear,0.006063287496850866,Fear,BO2
879,Fear,0.0010435464132473047,Fear,BO2
880,Fear,0.002448407203244321,Fear,BO3
881,Fear,0.07984029107818738,Fear,BO3
882,Fear,0.041200971519830515,Fear,BO3
883,Fear,0.18667750465120986,Fear,BO3
884,Fear,0.006307637055278023,Fear,BO3
885,Fear,0.08639464473657077,Fear,BO3
886,Fear,0.16697411067187304,Fear,BO3
887,Fear,0.002438149776435393,Fear,BO3
888,Fear,0.04417246239020053,Fear,BO3
889,Fear,0.22260970561283347,Fear,BO3
890,Fear,0.04356039856777186,Fear,BO3
891,Fear,0.016652181837359687,Fear,BO3
892,Fear,0.016779044306641584,Fear,BO3
893,Fear,0.11613309683431637,Fear,BO3
894,Fear,0.972544440625827,Fear,BO3
895,Fear,0.40417242963350986,Fear,BO3
896,Fear,0.017812772777748634,Fear,BO3
897,Fear,0.08576079462509834,Fear,BO3
898,Fear,0.07929866577714505,Fear,BO3
899,Fear,0.06178897095662725,Fear,BO3
900,Fear,0.006062183672744777,Fear,BO3
901,Fear,0.08576079462509834,Fear,BO3
902,Fear,0.015506178851358424,Fear,BO3
903,Fear,0.017211299668653913,Fear,BO3
904,Fear,0.016779044306641584,Fear,BO3
905,Fear,0.0020785160240836134,Fear,BO3
906,Fear,0.06722505218291157,Fear,BO3
907,Fear,0.677199247197853,Fear,BO3
908,Fear,0.30912766639646755,Fear,BO3
909,Fear,0.0742103056781175,Fear,BO3
910,Fear,0.42189736724066984,Fear,BO3
911,Fear,0.09972469893330556,Fear,BO3
912,Fear,0.0064461465322465114,Fear,BO3
913,Fear,0.006525920858753413,Fear,BO3
914,Fear,0.006125995348613125,Fear,BO3
915,Fear,0.0023391028764512146,Fear,BO3
916,Fear,0.0024279779365775724,Fear,BO3
917,Fear,0.4863301075752072,Fear,BO3
918,Fear,0.002448407203244321,Fear,BO3
919,Fear,0.0012332621856788754,Fear,BO3
920,Fear,0.002448407203244321,Fear,BO4
921,Fear,0.05093794765768231,Fear,BO4
922,Fear,0.07020851658581446,Fear,BO4
923,Fear,0.14112013006050955,Fear,BO4
924,Fear,0.03951470649241401,Fear,BO4
925,Fear,0.1005827979370525,Fear,BO4
926,Fear,0.22206358372827745,Fear,BO4
927,Fear,0.0024106966491060353,Fear,BO4
928,Fear,0.03744305435862715,Fear,BO4
929,Fear,0.17176463673433315,Fear,BO4
930,Fear,0.017542580615614096,Fear,BO4
931,Fear,0.0063755292799168575,Fear,BO4
932,Fear,0.05325348945960037,Fear,BO4
933,Fear,0.03195659120209576,Fear,BO4
934,Fear,0.002448407203244321,Fear,BO4
935,Fear,0.13174858096383696,Fear,BO4
936,Fear,0.006518345661152641,Fear,BO4
937,Fear,0.13684275102774626,Fear,BO4
938,Fear,0.2196057491644785,Fear,BO4
939,Fear,0.01291665148422506,Fear,BO4
940,Fear,0.21555612220306056,Fear,BO4
941,Fear,0.21555612220306056,Fear,BO4
942,Fear,0.08408389506277782,Fear,BO4
943,Fear,0.016478723718403244,Fear,BO4
944,Fear,0.07088509576696811,Fear,BO4
945,Fear,0.03732350022807119,Fear,BO4
946,Fear,0.015154452788900883,Fear,BO4
947,Fear,0.12783214127172157,Fear,BO4
948,Fear,0.29359902599262744,Fear,BO4
949,Fear,0.08348338014847165,Fear,BO4
950,Fear,0.3842032732384428,Fear,BO4
951,Fear,0.21555612220306056,Fear,BO4
952,Fear,0.017330485388406577,Fear,BO4
953,Fear,0.0033241772394330023,Fear,BO4
954,Fear,0.06978934688497276,Fear,BO4
955,Fear,0.24969053951584105,Fear,BO4
956,Fear,0.002134854490028043,Fear,BO4
957,Fear,0.07929866577714507,Fear,BO4
958,Fear,0.046607484053143036,Fear,BO4
959,Fear,0.0012332621856788754,Fear,BO4
960,Happiness,0.9877579639837784,Happiness,Prototype
961,Happiness,0.35218742835175143,Happiness,Prototype
962,Happiness,0.916104778466792,Happiness,Prototype
963,Happiness,0.6641958640542508,Happiness,Prototype
964,Happiness,0.8431756646304874,Happiness,Prototype
965,Happiness,0.01851965246921732,Happiness,Prototype
966,Happiness,0.1059707788085427,Happiness,Prototype
967,Happiness,0.034348747539133063,Happiness,Prototype
968,Happiness,0.6648561058377347,Happiness,Prototype
969,Happiness,0.916104778466792,Happiness,Prototype
970,Happiness,0.40720045759508117,Happiness,Prototype
971,Happiness,0.22260970561283347,Happiness,Prototype
972,Happiness,0.5964180031090851,Happiness,Prototype
973,Happiness,0.6648561058377347,Happiness,Prototype
974,Happiness,0.9877579639837784,Happiness,Prototype
975,Happiness,0.01755951347966986,Happiness,Prototype
976,Happiness,0.8006819620680202,Happiness,Prototype
977,Happiness,0.024212950315197473,Happiness,Prototype
978,Happiness,0.9877579639837784,Happiness,Prototype
979,Happiness,0.5304701841857556,Happiness,Prototype
980,Happiness,0.9188503120755136,Happiness,Prototype
981,Happiness,0.06581762285518299,Happiness,Prototype
982,Happiness,0.017559513479669865,Happiness,Prototype
983,Happiness,0.9836198226619125,Happiness,Prototype
984,Happiness,0.3521874283517515,Happiness,Prototype
985,Happiness,0.8006819620680202,Happiness,Prototype
986,Happiness,0.016779044306641584,Happiness,Prototype
987,Happiness,0.003119184034747563,Happiness,Prototype
988,Happiness,0.3521874283517515,Happiness,Prototype
989,Happiness,0.46690469080680685,Happiness,Prototype
990,Happiness,0.20172452540921787,Happiness,Prototype
991,Happiness,0.5483441117744018,Happiness,Prototype
992,Happiness,0.9674082716942368,Happiness,Prototype
993,Happiness,0.004648597477031477,Happiness,Prototype
994,Happiness,0.012177264347493983,Happiness,Prototype
995,Happiness,0.9877579639837784,Happiness,Prototype
996,Happiness,0.916104778466792,Happiness,Prototype
997,Happiness,0.24368619287666826,Happiness,Prototype
998,Happiness,0.5964180031090851,Happiness,Prototype
999,Happiness,0.03730811677491157,Happiness,Prototype
1000,Happiness,0.9877579639837784,Happiness,Prototype
1001,Happiness,0.3836042851732602,Happiness,Prototype
1002,Happiness,0.8904326030643334,Happiness,Prototype
1003,Happiness,0.5753328973843113,Happiness,Prototype
1004,Happiness,0.7864474977243411,Happiness,Prototype
1005,Happiness,0.09530440511646798,Happiness,Prototype
1006,Happiness,0.1862933046390789,Happiness,Prototype
1007,Happiness,0.013022982586716855,Happiness,Prototype
1008,Happiness,0.8581139674513091,Happiness,Prototype
1009,Happiness,0.916104778466792,Happiness,Prototype
1010,Happiness,0.6051159176059826,Happiness,Prototype
1011,Happiness,0.4669046908068068,Happiness,Prototype
1012,Happiness,0.5964180031090851,Happiness,Prototype
1013,Happiness,0.7368713948671644,Happiness,Prototype
1014,Happiness,0.9877579639837784,Happiness,Prototype
1015,Happiness,0.03168946916651882,Happiness,Prototype
1016,Happiness,0.8006819620680202,Happiness,Prototype
1017,Happiness,0.12236423552739882,Happiness,Prototype
1018,Happiness,0.916104778466792,Happiness,Prototype
1019,Happiness,0.08071639937818298,Happiness,Prototype
1020,Happiness,0.5483441117744019,Happiness,Prototype
1021,Happiness,0.03306836489332146,Happiness,Prototype
1022,Happiness,0.003975014030419873,Happiness,Prototype
1023,Happiness,0.9091783223353638,Happiness,Prototype
1024,Happiness,0.3521874283517515,Happiness,Prototype
1025,Happiness,0.9725444406258272,Happiness,Prototype
1026,Happiness,0.916104778466792,Happiness,Prototype
1027,Happiness,0.002547150674941504,Happiness,Prototype
1028,Happiness,0.08964714045666504,Happiness,Prototype
1029,Happiness,0.5237739492001989,Happiness,Prototype
1030,Happiness,0.17176463673433315,Happiness,Prototype
1031,Happiness,0.07929866577714505,Happiness,Prototype
1032,Happiness,0.7493535570170835,Happiness,Prototype
1033,Happiness,0.916104778466792,Happiness,Prototype
1034,Happiness,0.0063755292799168575,Happiness,Prototype
1035,Happiness,0.9674082716942368,Happiness,Prototype
1036,Happiness,0.916104778466792,Happiness,Prototype
1037,Happiness,0.04633371657282921,Happiness,Prototype
1038,Happiness,0.916104778466792,Happiness,Prototype
1039,Happiness,0.03177165783517088,Happiness,Prototype
1040,Happiness,0.9674082716942368,Happiness,Prototype with mouth opening
1041,Happiness,0.39349302108079925,Happiness,Prototype with mouth opening
1042,Happiness,0.482331577985952,Happiness,Prototype with mouth opening
1043,Happiness,0.1295625143296497,Happiness,Prototype with mouth opening
1044,Happiness,0.8518868880090542,Happiness,Prototype with mouth opening
1045,Happiness,0.01912835463187946,Happiness,Prototype with mouth opening
1046,Happiness,0.2111593991257591,Happiness,Prototype with mouth opening
1047,Happiness,0.12974823017120954,Happiness,Prototype with mouth opening
1048,Happiness,0.4218973672406697,Happiness,Prototype with mouth opening
1049,Happiness,0.8006819620680202,Happiness,Prototype with mouth opening
1050,Happiness,0.01912835463187946,Happiness,Prototype with mouth opening
1051,Happiness,0.30873978037848665,Happiness,Prototype with mouth opening
1052,Happiness,0.5964180031090851,Happiness,Prototype with mouth opening
1053,Happiness,0.003657810759284972,Happiness,Prototype with mouth opening
1054,Happiness,0.9877579639837784,Happiness,Prototype with mouth opening
1055,Happiness,0.30873978037848665,Happiness,Prototype with mouth opening
1056,Happiness,0.6381508065592094,Happiness,Prototype with mouth opening
1057,Happiness,0.021005033067033024,Happiness,Prototype with mouth opening
1058,Happiness,0.048789069858622684,Happiness,Prototype with mouth opening
1059,Happiness,0.4376948995647487,Happiness,Prototype with mouth opening
1060,Happiness,0.6051159176059827,Happiness,Prototype with mouth opening
1061,Happiness,0.017045221760208406,Happiness,Prototype with mouth opening
1062,Happiness,0.009444961027576004,Happiness,Prototype with mouth opening
1063,Happiness,0.8603726435149964,Happiness,Prototype with mouth opening
1064,Happiness,0.5964180031090851,Happiness,Prototype with mouth opening
1065,Happiness,0.11197710180578471,Happiness,Prototype with mouth opening
1066,Happiness,0.8603726435149964,Happiness,Prototype with mouth opening
1067,Happiness,0.01936247456450063,Happiness,Prototype with mouth opening
1068,Happiness,0.1059707788085427,Happiness,Prototype with mouth opening
1069,Happiness,0.8006819620680203,Happiness,Prototype with mouth opening
1070,Happiness,0.5237739492001989,Happiness,Prototype with mouth opening
1071,Happiness,0.056999863752909684,Happiness,Prototype with mouth opening
1072,Happiness,0.8904326030643334,Happiness,Prototype with mouth opening
1073,Happiness,0.012709114667630951,Happiness,Prototype with mouth opening
1074,Happiness,0.011298246897943221,Happiness,Prototype with mouth opening
1075,Happiness,0.31711547784649763,Happiness,Prototype with mouth opening
1076,Happiness,0.8904326030643334,Happiness,Prototype with mouth opening
1077,Happiness,0.33262047788741095,Happiness,Prototype with mouth opening
1078,Happiness,0.5964180031090851,Happiness,Prototype with mouth opening
1079,Happiness,0.0023391028764512146,Happiness,Prototype with mouth opening
1080,Happiness,0.956692970888824,Happiness,Prototype with mouth opening
1081,Happiness,0.8274050870386117,Happiness,Prototype with mouth opening
1082,Happiness,0.8274050870386117,Happiness,Prototype with mouth opening
1083,Happiness,0.6284848695246386,Happiness,Prototype with mouth opening
1084,Happiness,0.7110307571485913,Happiness,Prototype with mouth opening
1085,Happiness,0.013151885888088681,Happiness,Prototype with mouth opening
1086,Happiness,0.4669046908068068,Happiness,Prototype with mouth opening
1087,Happiness,0.8904326030643331,Happiness,Prototype with mouth opening
1088,Happiness,0.4500949100635354,Happiness,Prototype with mouth opening
1089,Happiness,0.7493535570170835,Happiness,Prototype with mouth opening
1090,Happiness,0.8064065658159045,Happiness,Prototype with mouth opening
1091,Happiness,0.8006819620680202,Happiness,Prototype with mouth opening
1092,Happiness,0.5964180031090851,Happiness,Prototype with mouth opening
1093,Happiness,0.7169326145620087,Happiness,Prototype with mouth opening
1094,Happiness,0.9877579639837784,Happiness,Prototype with mouth opening
1095,Happiness,0.17176463673433315,Happiness,Prototype with mouth opening
1096,Happiness,0.7493535570170835,Happiness,Prototype with mouth opening
1097,Happiness,0.011927689701573397,Happiness,Prototype with mouth opening
1098,Happiness,0.07088509576696811,Happiness,Prototype with mouth opening
1099,Happiness,0.6051159176059827,Happiness,Prototype with mouth opening
1100,Happiness,0.8435668857411258,Happiness,Prototype with mouth opening
1101,Happiness,0.00755495464395768,Happiness,Prototype with mouth opening
1102,Happiness,0.004409527722026868,Happiness,Prototype with mouth opening
1103,Happiness,0.9287302989850968,Happiness,Prototype with mouth opening
1104,Happiness,0.5964180031090851,Happiness,Prototype with mouth opening
1105,Happiness,0.8603726435149964,Happiness,Prototype with mouth opening
1106,Happiness,0.006518345661152641,Happiness,Prototype with mouth opening
1107,Happiness,0.0033469382690638387,Happiness,Prototype with mouth opening
1108,Happiness,0.053253489459600366,Happiness,Prototype with mouth opening
1109,Happiness,0.8904326030643334,Happiness,Prototype with mouth opening
1110,Happiness,0.010051513432603857,Happiness,Prototype with mouth opening
1111,Happiness,0.09503241859691916,Happiness,Prototype with mouth opening
1112,Happiness,0.9877579639837784,Happiness,Prototype with mouth opening
1113,Happiness,0.9674082716942368,Happiness,Prototype with mouth opening
1114,Happiness,0.21115939912575907,Happiness,Prototype with mouth opening
1115,Happiness,0.47511942464492224,Happiness,Prototype with mouth opening
1116,Happiness,0.9877579639837784,Happiness,Prototype with mouth opening
1117,Happiness,0.00811399731962302,Happiness,Prototype with mouth opening
1118,Happiness,0.3521874283517515,Happiness,Prototype with mouth opening
1119,Happiness,0.03506053129542299,Happiness,Prototype with mouth opening
1120,Happiness,0.9877579639837784,Happiness,BO1
1121,Happiness,0.5237739492001989,Happiness,BO1
1122,Happiness,0.9287302989850968,Happiness,BO1
1123,Happiness,0.12236423552739883,Happiness,BO1
1124,Happiness,0.9188503120755137,Happiness,BO1
1125,Happiness,0.03012694756033179,Happiness,BO1
1126,Happiness,0.5964180031090851,Happiness,BO1
1127,Happiness,0.9674082716942368,Happiness,BO1
1128,Happiness,0.9297664089075389,Happiness,BO1
1129,Happiness,0.916104778466792,Happiness,BO1
1130,Happiness,0.956692970888824,Happiness,BO1
1131,Happiness,0.916104778466792,Happiness,BO1
1132,Happiness,0.5964180031090851,Happiness,BO1
1133,Happiness,0.9877579639837784,Happiness,BO1
1134,Happiness,0.9877579639837784,Happiness,BO1
1135,Happiness,0.028644138296353955,Happiness,BO1
1136,Happiness,0.45472149925637095,Happiness,BO1
1137,Happiness,0.005484731949839286,Happiness,BO1
1138,Happiness,0.12236423552739882,Happiness,BO1
1139,Happiness,0.015154452788900883,Happiness,BO1
1140,Happiness,0.7042095958807951,Happiness,BO1
1141,Happiness,0.025264052965875573,Happiness,BO1
1142,Happiness,0.0021992174049978125,Happiness,BO1
1143,Happiness,0.786447497724341,Happiness,BO1
1144,Happiness,0.3521874283517515,Happiness,BO1
1145,Happiness,0.9287302989850968,Happiness,BO1
1146,Happiness,0.23476256210010715,Happiness,BO1
1147,Happiness,0.0037453391791224537,Happiness,BO1
1148,Happiness,0.596418003109085,Happiness,BO1
1149,Happiness,0.14112013006050958,Happiness,BO1
1150,Happiness,0.02641055532716959,Happiness,BO1
1151,Happiness,0.9795162095804706,Happiness,BO1
1152,Happiness,0.23476256210010712,Happiness,BO1
1153,Happiness,0.916104778466792,Happiness,BO1
1154,Happiness,0.0017015321907423667,Happiness,BO1
1155,Happiness,0.9877579639837784,Happiness,BO1
1156,Happiness,0.9674082716942368,Happiness,BO1
1157,Happiness,0.3011633063789589,Happiness,BO1
1158,Happiness,0.8006819620680202,Happiness,BO1
1159,Happiness,0.08071639937818298,Happiness,BO1
1160,Happiness,0.8904326030643334,Happiness,BO2
1161,Happiness,0.5237739492001988,Happiness,BO2
1162,Happiness,0.956692970888824,Happiness,BO2
1163,Happiness,0.06318867857484227,Happiness,BO2
1164,Happiness,0.006306442479354811,Happiness,BO2
1165,Happiness,0.012536064969903426,Happiness,BO2
1166,Happiness,0.03129041916719123,Happiness,BO2
1167,Happiness,0.9674082716942368,Happiness,BO2
1168,Happiness,0.24458689267500716,Happiness,BO2
1169,Happiness,0.8006819620680202,Happiness,BO2
1170,Happiness,0.9359590510597332,Happiness,BO2
1171,Happiness,0.015154452788900884,Happiness,BO2
1172,Happiness,0.3521874283517515,Happiness,BO2
1173,Happiness,0.9674082716942368,Happiness,BO2
1174,Happiness,0.011754646248451258,Happiness,BO2
1175,Happiness,0.007123056322484758,Happiness,BO2
1176,Happiness,0.015154452788900884,Happiness,BO2
1177,Happiness,0.037308116774911575,Happiness,BO2
1178,Happiness,0.006518345661152641,Happiness,BO2
1179,Happiness,0.033068364893321454,Happiness,BO2
1180,Happiness,0.8904326030643334,Happiness,BO2
1181,Happiness,0.02259748856095945,Happiness,BO2
1182,Happiness,0.030126947560331793,Happiness,BO2
1183,Happiness,0.8274050870386117,Happiness,BO2
1184,Happiness,0.3521874283517515,Happiness,BO2
1185,Happiness,0.8006819620680202,Happiness,BO2
1186,Happiness,0.28805844238291456,Happiness,BO2
1187,Happiness,0.0027715147369735712,Happiness,BO2
1188,Happiness,0.596418003109085,Happiness,BO2
1189,Happiness,0.8006819620680203,Happiness,BO2
1190,Happiness,0.02175285031287932,Happiness,BO2
1191,Happiness,0.6051159176059826,Happiness,BO2
1192,Happiness,0.6381508065592093,Happiness,BO2
1193,Happiness,0.916104778466792,Happiness,BO2
1194,Happiness,0.005895258878069141,Happiness,BO2
1195,Happiness,0.9877579639837784,Happiness,BO2
1196,Happiness,0.9836198226619125,Happiness,BO2
1197,Happiness,0.037194839414676314,Happiness,BO2
1198,Happiness,0.5964180031090851,Happiness,BO2
1199,Happiness,0.5964180031090851,Happiness,BO2
1200,Happiness,0.9359590510597332,Happiness,BO3
1201,Happiness,0.7493535570170835,Happiness,BO3
1202,Happiness,0.8274050870386117,Happiness,BO3
1203,Happiness,0.39349302108079925,Happiness,BO3
1204,Happiness,0.0382092133507184,Happiness,BO3
1205,Happiness,0.037308116774911575,Happiness,BO3
1206,Happiness,0.1862933046390789,Happiness,BO3
1207,Happiness,0.916104778466792,Happiness,BO3
1208,Happiness,0.4500949100635354,Happiness,BO3
1209,Happiness,0.8006819620680202,Happiness,BO3
1210,Happiness,0.7864474977243411,Happiness,BO3
1211,Happiness,0.6381508065592093,Happiness,BO3
1212,Happiness,0.5964180031090851,Happiness,BO3
1213,Happiness,0.4376948995647488,Happiness,BO3
1214,Happiness,0.9877579639837784,Happiness,BO3
1215,Happiness,0.03719483941467632,Happiness,BO3
1216,Happiness,0.015154452788900884,Happiness,BO3
1217,Happiness,0.3605051742000095,Happiness,BO3
1218,Happiness,0.18629330463907887,Happiness,BO3
1219,Happiness,0.03730811677491157,Happiness,BO3
1220,Happiness,0.9287302989850968,Happiness,BO3
1221,Happiness,0.019128354631879462,Happiness,BO3
1222,Happiness,0.010933526447627873,Happiness,BO3
1223,Happiness,0.8431756646304874,Happiness,BO3
1224,Happiness,0.3521874283517515,Happiness,BO3
1225,Happiness,0.6938941494117488,Happiness,BO3
1226,Happiness,0.28805844238291456,Happiness,BO3
1227,Happiness,0.00312586102693451,Happiness,BO3
1228,Happiness,0.596418003109085,Happiness,BO3
1229,Happiness,0.8006819620680203,Happiness,BO3
1230,Happiness,0.5483441117744019,Happiness,BO3
1231,Happiness,0.14112013006050955,Happiness,BO3
1232,Happiness,0.7493535570170835,Happiness,BO3
1233,Happiness,0.003837159261943895,Happiness,BO3
1234,Happiness,0.01476985145698836,Happiness,BO3
1235,Happiness,0.9877579639837784,Happiness,BO3
1236,Happiness,0.9877579639837784,Happiness,BO3
1237,Happiness,0.46690469080680674,Happiness,BO3
1238,Happiness,0.916104778466792,Happiness,BO3
1239,Happiness,0.07088509576696811,Happiness,BO3
1240,Happiness,0.9674082716942368,Happiness,BO4
1241,Happiness,0.8006819620680202,Happiness,BO4
1242,Happiness,0.8904326030643334,Happiness,BO4
1243,Happiness,0.06318867857484227,Happiness,BO4
1244,Happiness,0.8064065658159045,Happiness,BO4
1245,Happiness,0.5859422899976768,Happiness,BO4
1246,Happiness,0.28805844238291456,Happiness,BO4
1247,Happiness,0.8431756646304874,Happiness,BO4
1248,Happiness,0.7110307571485915,Happiness,BO4
1249,Happiness,0.8006819620680202,Happiness,BO4
1250,Happiness,0.8064065658159045,Happiness,BO4
1251,Happiness,0.4211751909016533,Happiness,BO4
1252,Happiness,0.3521874283517515,Happiness,BO4
1253,Happiness,0.9877579639837784,Happiness,BO4
1254,Happiness,0.9877579639837784,Happiness,BO4
1255,Happiness,0.045015286585190224,Happiness,BO4
1256,Happiness,0.8006819620680202,Happiness,BO4
1257,Happiness,0.6512297918752937,Happiness,BO4
1258,Happiness,0.0742103056781175,Happiness,BO4
1259,Happiness,0.9674082716942368,Happiness,BO4
1260,Happiness,0.8904326030643334,Happiness,BO4
1261,Happiness,0.523773949200199,Happiness,BO4
1262,Happiness,0.523773949200199,Happiness,BO4
1263,Happiness,0.9091783223353638,Happiness,BO4
1264,Happiness,0.3521874283517515,Happiness,BO4
1265,Happiness,0.8904326030643334,Happiness,BO4
1266,Happiness,0.8006819620680202,Happiness,BO4
1267,Happiness,0.037194839414676314,Happiness,BO4
1268,Happiness,0.596418003109085,Happiness,BO4
1269,Happiness,0.8006819620680203,Happiness,BO4
1270,Happiness,0.7042095958807951,Happiness,BO4
1271,Happiness,0.7674525655618096,Happiness,BO4
1272,Happiness,0.8006819620680202,Happiness,BO4
1273,Happiness,0.916104778466792,Happiness,BO4
1274,Happiness,0.5964180031090851,Happiness,BO4
1275,Happiness,0.9877579639837784,Happiness,BO4
1276,Happiness,0.9674082716942368,Happiness,BO4
1277,Happiness,0.12594809980489335,Happiness,BO4
1278,Happiness,0.5964180031090851,Happiness,BO4
1279,Happiness,0.8006819620680202,Happiness,BO4
1280,Sadness,0.9877579639837784,Sadness,Prototype
1281,Sadness,0.07786284062284679,Sadness,Prototype
1282,Sadness,0.06581762285518299,Sadness,Prototype
1283,Sadness,0.42117519090165334,Sadness,Prototype
1284,Sadness,0.9091783223353637,Sadness,Prototype
1285,Sadness,0.16073303127350644,Sadness,Prototype
1286,Sadness,0.2583248965865188,Sadness,Prototype
1287,Sadness,0.0057971452714671,Sadness,Prototype
1288,Sadness,0.8325860888593423,Sadness,Prototype
1289,Sadness,0.12956251432964971,Sadness,Prototype
1290,Sadness,0.7674525655618095,Sadness,Prototype
1291,Sadness,0.30873978037848665,Sadness,Prototype
1292,Sadness,0.12956251432964971,Sadness,Prototype
1293,Sadness,0.9577924484198259,Sadness,Prototype
1294,Sadness,0.0021643759395689596,Sadness,Prototype
1295,Sadness,0.2883960743905803,Sadness,Prototype
1296,Sadness,0.8904326030643334,Sadness,Prototype
1297,Sadness,0.6641958640542508,Sadness,Prototype
1298,Sadness,0.956692970888824,Sadness,Prototype
1299,Sadness,0.0057971452714671,Sadness,Prototype
1300,Sadness,0.5074420686754627,Sadness,Prototype
1301,Sadness,0.7610119622396695,Sadness,Prototype
1302,Sadness,0.2814521518208162,Sadness,Prototype
1303,Sadness,0.2552693919177274,Sadness,Prototype
1304,Sadness,0.12956251432964971,Sadness,Prototype
1305,Sadness,0.05325348945960037,Sadness,Prototype
1306,Sadness,0.12956251432964971,Sadness,Prototype
1307,Sadness,0.43780029753154376,Sadness,Prototype
1308,Sadness,0.17176463673433315,Sadness,Prototype
1309,Sadness,0.8431756646304875,Sadness,Prototype
1310,Sadness,0.20189004418448162,Sadness,Prototype
1311,Sadness,0.9031688007122994,Sadness,Prototype
1312,Sadness,0.17891084819961464,Sadness,Prototype
1313,Sadness,0.004790887556386819,Sadness,Prototype
1314,Sadness,0.8904326030643333,Sadness,Prototype
1315,Sadness,0.8905930644635625,Sadness,Prototype
1316,Sadness,0.7493535570170835,Sadness,Prototype
1317,Sadness,0.04501528658519023,Sadness,Prototype
1318,Sadness,0.12956251432964971,Sadness,Prototype
1319,Sadness,0.9877579639837784,Sadness,Prototype
1320,Sadness,0.8140063955064831,Sadness,Prototype
1321,Sadness,0.1897071134574463,Sadness,Prototype
1322,Sadness,0.11357901787303151,Sadness,Prototype
1323,Sadness,0.33262047788741095,Sadness,Prototype
1324,Sadness,0.8997078299321128,Sadness,Prototype
1325,Sadness,0.7610119622396695,Sadness,Prototype
1326,Sadness,0.2880584423829145,Sadness,Prototype
1327,Sadness,0.005609920938910111,Sadness,Prototype
1328,Sadness,0.8246370615801484,Sadness,Prototype
1329,Sadness,0.08071639937818298,Sadness,Prototype
1330,Sadness,0.21165314477728725,Sadness,Prototype
1331,Sadness,0.10141397588327021,Sadness,Prototype
1332,Sadness,0.12956251432964971,Sadness,Prototype
1333,Sadness,0.3581297735592633,Sadness,Prototype
1334,Sadness,0.192836680169289,Sadness,Prototype
1335,Sadness,0.3842032732384427,Sadness,Prototype
1336,Sadness,0.6938941494117488,Sadness,Prototype
1337,Sadness,0.3719771634750681,Sadness,Prototype
1338,Sadness,0.5241844435645471,Sadness,Prototype
1339,Sadness,0.00442288345649658,Sadness,Prototype
1340,Sadness,0.4863301075752072,Sadness,Prototype
1341,Sadness,0.3842032732384427,Sadness,Prototype
1342,Sadness,0.3889056977895595,Sadness,Prototype
1343,Sadness,0.7543654279752889,Sadness,Prototype
1344,Sadness,0.12956251432964971,Sadness,Prototype
1345,Sadness,0.015154452788900884,Sadness,Prototype
1346,Sadness,0.8274050870386117,Sadness,Prototype
1347,Sadness,0.29202158001244527,Sadness,Prototype
1348,Sadness,0.1059707788085427,Sadness,Prototype
1349,Sadness,0.1607330312735064,Sadness,Prototype
1350,Sadness,0.5156773992407948,Sadness,Prototype
1351,Sadness,0.7201703589555983,Sadness,Prototype
1352,Sadness,0.5074420686754626,Sadness,Prototype
1353,Sadness,0.0057971452714671,Sadness,Prototype
1354,Sadness,0.8006819620680202,Sadness,Prototype
1355,Sadness,0.4376948995647488,Sadness,Prototype
1356,Sadness,0.014769851456988357,Sadness,Prototype
1357,Sadness,0.09530440511646798,Sadness,Prototype
1358,Sadness,0.03986360758639597,Sadness,Prototype
1359,Sadness,0.9725444406258272,Sadness,Prototype
1360,Sadness,0.04623875889087773,Sadness,Prototype with mouth opening
1361,Sadness,0.17030167791013562,Sadness,Prototype with mouth opening
1362,Sadness,0.22798803558602335,Sadness,Prototype with mouth opening
1363,Sadness,0.30873978037848665,Sadness,Prototype with mouth opening
1364,Sadness,0.8217508344215807,Sadness,Prototype with mouth opening
1365,Sadness,0.5273850622801725,Sadness,Prototype with mouth opening
1366,Sadness,0.07768120174848181,Sadness,Prototype with mouth opening
1367,Sadness,0.06244917566877597,Sadness,Prototype with mouth opening
1368,Sadness,0.518774667675286,Sadness,Prototype with mouth opening
1369,Sadness,0.4669046908068068,Sadness,Prototype with mouth opening
1370,Sadness,0.18169173166803587,Sadness,Prototype with mouth opening
1371,Sadness,0.192836680169289,Sadness,Prototype with mouth opening
1372,Sadness,0.08071639937818298,Sadness,Prototype with mouth opening
1373,Sadness,0.6601051441865243,Sadness,Prototype with mouth opening
1374,Sadness,0.4830915752141892,Sadness,Prototype with mouth opening
1375,Sadness,0.2031810092377184,Sadness,Prototype with mouth opening
1376,Sadness,0.8274050870386117,Sadness,Prototype with mouth opening
1377,Sadness,0.6336913225737218,Sadness,Prototype with mouth opening
1378,Sadness,0.8699362741351855,Sadness,Prototype with mouth opening
1379,Sadness,0.0017990725517043932,Sadness,Prototype with mouth opening
1380,Sadness,0.24075205614253167,Sadness,Prototype with mouth opening
1381,Sadness,0.7455720332084096,Sadness,Prototype with mouth opening
1382,Sadness,0.6336913225737218,Sadness,Prototype with mouth opening
1383,Sadness,0.4669046908068068,Sadness,Prototype with mouth opening
1384,Sadness,0.08071639937818298,Sadness,Prototype with mouth opening
1385,Sadness,0.03855175842107983,Sadness,Prototype with mouth opening
1386,Sadness,0.019450050954102127,Sadness,Prototype with mouth opening
1387,Sadness,0.6229490906700156,Sadness,Prototype with mouth opening
1388,Sadness,0.17176463673433315,Sadness,Prototype with mouth opening
1389,Sadness,0.5483441117744019,Sadness,Prototype with mouth opening
1390,Sadness,0.30912766639646755,Sadness,Prototype with mouth opening
1391,Sadness,0.7963661424054914,Sadness,Prototype with mouth opening
1392,Sadness,0.7042095958807951,Sadness,Prototype with mouth opening
1393,Sadness,0.5273850622801726,Sadness,Prototype with mouth opening
1394,Sadness,0.7674525655618095,Sadness,Prototype with mouth opening
1395,Sadness,0.24969053951584105,Sadness,Prototype with mouth opening
1396,Sadness,0.9606071971386786,Sadness,Prototype with mouth opening
1397,Sadness,0.1607330312735064,Sadness,Prototype with mouth opening
1398,Sadness,0.5237739492001988,Sadness,Prototype with mouth opening
1399,Sadness,0.7824072151107491,Sadness,Prototype with mouth opening
1400,Sadness,0.45245266815030905,Sadness,Prototype with mouth opening
1401,Sadness,0.37638335280700774,Sadness,Prototype with mouth opening
1402,Sadness,0.3203122185793765,Sadness,Prototype with mouth opening
1403,Sadness,0.24368619287666826,Sadness,Prototype with mouth opening
1404,Sadness,0.3763833528070077,Sadness,Prototype with mouth opening
1405,Sadness,0.6168633792454103,Sadness,Prototype with mouth opening
1406,Sadness,0.1295625143296497,Sadness,Prototype with mouth opening
1407,Sadness,0.8385332118513689,Sadness,Prototype with mouth opening
1408,Sadness,0.133250427330619,Sadness,Prototype with mouth opening
1409,Sadness,0.7493535570170835,Sadness,Prototype with mouth opening
1410,Sadness,0.5620730716345581,Sadness,Prototype with mouth opening
1411,Sadness,0.12236423552739882,Sadness,Prototype with mouth opening
1412,Sadness,0.05325348945960037,Sadness,Prototype with mouth opening
1413,Sadness,0.6084547790014705,Sadness,Prototype with mouth opening
1414,Sadness,0.9877579639837784,Sadness,Prototype with mouth opening
1415,Sadness,0.40937969187384254,Sadness,Prototype with mouth opening
1416,Sadness,0.7864474977243412,Sadness,Prototype with mouth opening
1417,Sadness,0.5899443897316788,Sadness,Prototype with mouth opening
1418,Sadness,0.8064065658159045,Sadness,Prototype with mouth opening
1419,Sadness,0.008362227885313983,Sadness,Prototype with mouth opening
1420,Sadness,0.09799470923948259,Sadness,Prototype with mouth opening
1421,Sadness,0.5523032452988593,Sadness,Prototype with mouth opening
1422,Sadness,0.46977206780517844,Sadness,Prototype with mouth opening
1423,Sadness,0.05786592687575183,Sadness,Prototype with mouth opening
1424,Sadness,0.08071639937818298,Sadness,Prototype with mouth opening
1425,Sadness,0.0057971452714671,Sadness,Prototype with mouth opening
1426,Sadness,0.14590835520903345,Sadness,Prototype with mouth opening
1427,Sadness,0.09829786315039452,Sadness,Prototype with mouth opening
1428,Sadness,0.2436861928766683,Sadness,Prototype with mouth opening
1429,Sadness,0.6641958640542508,Sadness,Prototype with mouth opening
1430,Sadness,0.16297399275793392,Sadness,Prototype with mouth opening
1431,Sadness,0.01510375463416885,Sadness,Prototype with mouth opening
1432,Sadness,0.3719771634750681,Sadness,Prototype with mouth opening
1433,Sadness,0.0016834647650579224,Sadness,Prototype with mouth opening
1434,Sadness,0.35665098580805654,Sadness,Prototype with mouth opening
1435,Sadness,0.24969053951584105,Sadness,Prototype with mouth opening
1436,Sadness,0.8435668857411258,Sadness,Prototype with mouth opening
1437,Sadness,0.06867481609036642,Sadness,Prototype with mouth opening
1438,Sadness,0.9359590510597332,Sadness,Prototype with mouth opening
1439,Sadness,0.8731715739650104,Sadness,Prototype with mouth opening
1440,Sadness,0.9795162095804706,Sadness,BO1
1441,Sadness,0.8749339938217527,Sadness,BO1
1442,Sadness,0.3842032732384428,Sadness,BO1
1443,Sadness,0.39372465855784394,Sadness,BO1
1444,Sadness,0.9645535844064427,Sadness,BO1
1445,Sadness,0.8998716519547908,Sadness,BO1
1446,Sadness,0.5074420686754627,Sadness,BO1
1447,Sadness,0.9674082716942368,Sadness,BO1
1448,Sadness,0.8325860888593423,Sadness,BO1
1449,Sadness,0.916104778466792,Sadness,BO1
1450,Sadness,0.9398838345093978,Sadness,BO1
1451,Sadness,0.9685325307009935,Sadness,BO1
1452,Sadness,0.916104778466792,Sadness,BO1
1453,Sadness,0.8667248608477914,Sadness,BO1
1454,Sadness,0.9877579639837784,Sadness,BO1
1455,Sadness,0.5523032452988593,Sadness,BO1
1456,Sadness,0.9725444406258272,Sadness,BO1
1457,Sadness,0.7610119622396695,Sadness,BO1
1458,Sadness,0.8731715739650104,Sadness,BO1
1459,Sadness,0.005219636212268328,Sadness,BO1
1460,Sadness,0.09530440511646798,Sadness,BO1
1461,Sadness,0.8325860888593423,Sadness,BO1
1462,Sadness,0.8964358565369016,Sadness,BO1
1463,Sadness,0.9500412054202158,Sadness,BO1
1464,Sadness,0.916104778466792,Sadness,BO1
1465,Sadness,0.7702956113444369,Sadness,BO1
1466,Sadness,0.9877579639837784,Sadness,BO1
1467,Sadness,0.5199234710165771,Sadness,BO1
1468,Sadness,0.053253489459600366,Sadness,BO1
1469,Sadness,0.8431756646304875,Sadness,BO1
1470,Sadness,0.5969503173789372,Sadness,BO1
1471,Sadness,0.9260990047326887,Sadness,BO1
1472,Sadness,0.7864474977243412,Sadness,BO1
1473,Sadness,0.9297664089075389,Sadness,BO1
1474,Sadness,0.8667248608477914,Sadness,BO1
1475,Sadness,0.7520638508371287,Sadness,BO1
1476,Sadness,0.9836198226619125,Sadness,BO1
1477,Sadness,0.6290759915128574,Sadness,BO1
1478,Sadness,0.5964180031090851,Sadness,BO1
1479,Sadness,0.4975334756286422,Sadness,BO1
1480,Sadness,0.859965682873769,Sadness,BO2
1481,Sadness,0.6837462537568373,Sadness,BO2
1482,Sadness,0.1629739927579339,Sadness,BO2
1483,Sadness,0.16297399275793392,Sadness,BO2
1484,Sadness,0.8838875235922176,Sadness,BO2
1485,Sadness,0.7455720332084096,Sadness,BO2
1486,Sadness,0.4863301075752072,Sadness,BO2
1487,Sadness,0.9188503120755136,Sadness,BO2
1488,Sadness,0.5620730716345582,Sadness,BO2
1489,Sadness,0.8904326030643334,Sadness,BO2
1490,Sadness,0.9324186144121458,Sadness,BO2
1491,Sadness,0.18970711345744637,Sadness,BO2
1492,Sadness,0.8006819620680202,Sadness,BO2
1493,Sadness,0.8699362741351855,Sadness,BO2
1494,Sadness,0.9877579639837784,Sadness,BO2
1495,Sadness,0.19283668016928904,Sadness,BO2
1496,Sadness,0.9725444406258272,Sadness,BO2
1497,Sadness,0.6336913225737218,Sadness,BO2
1498,Sadness,0.9877579639837784,Sadness,BO2
1499,Sadness,0.016308842012481905,Sadness,BO2
1500,Sadness,0.3605051742000095,Sadness,BO2
1501,Sadness,0.8246370615801484,Sadness,BO2
1502,Sadness,0.9224604185697709,Sadness,BO2
1503,Sadness,0.8431756646304874,Sadness,BO2
1504,Sadness,0.916104778466792,Sadness,BO2
1505,Sadness,0.6550985574090423,Sadness,BO2
1506,Sadness,0.4613233761164541,Sadness,BO2
1507,Sadness,0.39131583371868484,Sadness,BO2
1508,Sadness,0.2436861928766683,Sadness,BO2
1509,Sadness,0.7493535570170836,Sadness,BO2
1510,Sadness,0.4074485195593467,Sadness,BO2
1511,Sadness,0.7213379054789084,Sadness,BO2
1512,Sadness,0.8274050870386117,Sadness,BO2
1513,Sadness,0.8581139674513091,Sadness,BO2
1514,Sadness,0.5753328973843114,Sadness,BO2
1515,Sadness,0.4557180895287971,Sadness,BO2
1516,Sadness,0.9539010808490996,Sadness,BO2
1517,Sadness,0.2883960743905803,Sadness,BO2
1518,Sadness,0.9877579639837784,Sadness,BO2
1519,Sadness,0.4975334756286422,Sadness,BO2
1520,Sadness,0.9877579639837784,Sadness,BO3
1521,Sadness,0.793674096262305,Sadness,BO3
1522,Sadness,0.6899130369625085,Sadness,BO3
1523,Sadness,0.5579731509950313,Sadness,BO3
1524,Sadness,0.9539010808490996,Sadness,BO3
1525,Sadness,0.6336913225737218,Sadness,BO3
1526,Sadness,0.48633010757520734,Sadness,BO3
1527,Sadness,0.9188503120755136,Sadness,BO3
1528,Sadness,0.8581139674513091,Sadness,BO3
1529,Sadness,0.9287302989850967,Sadness,BO3
1530,Sadness,0.9224604185697709,Sadness,BO3
1531,Sadness,0.9091783223353638,Sadness,BO3
1532,Sadness,0.9674082716942368,Sadness,BO3
1533,Sadness,0.572261020341128,Sadness,BO3
1534,Sadness,0.9877579639837784,Sadness,BO3
1535,Sadness,0.633691322573722,Sadness,BO3
1536,Sadness,0.9685325307009935,Sadness,BO3
1537,Sadness,0.6465863043045421,Sadness,BO3
1538,Sadness,0.9877579639837784,Sadness,BO3
1539,Sadness,0.017280462771460222,Sadness,BO3
1540,Sadness,0.7201703589555983,Sadness,BO3
1541,Sadness,0.9224604185697709,Sadness,BO3
1542,Sadness,0.8549890895725847,Sadness,BO3
1543,Sadness,0.9645535844064427,Sadness,BO3
1544,Sadness,0.8006819620680202,Sadness,BO3
1545,Sadness,0.9260990047326887,Sadness,BO3
1546,Sadness,0.8006819620680202,Sadness,BO3
1547,Sadness,0.5914304700299402,Sadness,BO3
1548,Sadness,0.3175247089408111,Sadness,BO3
1549,Sadness,0.6641958640542508,Sadness,BO3
1550,Sadness,0.6290759915128573,Sadness,BO3
1551,Sadness,0.9224604185697709,Sadness,BO3
1552,Sadness,0.6641958640542509,Sadness,BO3
1553,Sadness,0.9877579639837784,Sadness,BO3
1554,Sadness,0.9224604185697709,Sadness,BO3
1555,Sadness,0.9877579639837784,Sadness,BO3
1556,Sadness,0.9091783223353637,Sadness,BO3
1557,Sadness,0.1947292522971814,Sadness,BO3
1558,Sadness,0.9685325307009935,Sadness,BO3
1559,Sadness,0.4975334756286422,Sadness,BO3
1560,Sadness,0.23965989677444827,Sadness,BO4
1561,Sadness,0.6284848695246386,Sadness,BO4
1562,Sadness,0.7674525655618095,Sadness,BO4
1563,Sadness,0.5074420686754626,Sadness,BO4
1564,Sadness,0.9361363418462849,Sadness,BO4
1565,Sadness,0.8140063955064831,Sadness,BO4
1566,Sadness,0.42117519090165334,Sadness,BO4
1567,Sadness,0.9795162095804706,Sadness,BO4
1568,Sadness,0.8037770324159288,Sadness,BO4
1569,Sadness,0.8904326030643334,Sadness,BO4
1570,Sadness,0.9398838345093978,Sadness,BO4
1571,Sadness,0.1477526330248843,Sadness,BO4
1572,Sadness,0.916104778466792,Sadness,BO4
1573,Sadness,0.8731715739650104,Sadness,BO4
1574,Sadness,0.9877579639837784,Sadness,BO4
1575,Sadness,0.2883960743905803,Sadness,BO4
1576,Sadness,0.9836198226619125,Sadness,BO4
1577,Sadness,0.8246370615801484,Sadness,BO4
1578,Sadness,0.3719771634750681,Sadness,BO4
1579,Sadness,0.016779044306641584,Sadness,BO4
1580,Sadness,0.42117519090165334,Sadness,BO4
1581,Sadness,0.684445956052031,Sadness,BO4
1582,Sadness,0.7520638508371287,Sadness,BO4
1583,Sadness,0.8431756646304875,Sadness,BO4
1584,Sadness,0.5964180031090851,Sadness,BO4
1585,Sadness,0.8296440496335614,Sadness,BO4
1586,Sadness,0.006375529279916857,Sadness,BO4
1587,Sadness,0.3648681070592075,Sadness,BO4
1588,Sadness,0.29359902599262744,Sadness,BO4
1589,Sadness,0.8904326030643333,Sadness,BO4
1590,Sadness,0.5969503173789372,Sadness,BO4
1591,Sadness,0.9224604185697709,Sadness,BO4
1592,Sadness,0.5753328973843113,Sadness,BO4
1593,Sadness,0.9033338856466904,Sadness,BO4
1594,Sadness,0.8466086793672355,Sadness,BO4
1595,Sadness,0.6791581590548483,Sadness,BO4
1596,Sadness,0.6051159176059827,Sadness,BO4
1597,Sadness,0.6837462537568373,Sadness,BO4
1598,Sadness,0.9877579639837784,Sadness,BO4
1599,Sadness,0.9877579639837784,Sadness,BO4
1600,Surprise,0.01586427448400791,Surprise,Prototype
1601,Surprise,0.12594809980489335,Surprise,Prototype
1602,Surprise,0.5237739492001988,Surprise,Prototype
1603,Surprise,0.4863301075752072,Surprise,Prototype
1604,Surprise,0.039154915336937296,Surprise,Prototype
1605,Surprise,0.030053038000403688,Surprise,Prototype
1606,Surprise,0.03719483941467632,Surprise,Prototype
1607,Surprise,0.4804046310800866,Surprise,Prototype
1608,Surprise,0.18667750465120986,Surprise,Prototype
1609,Surprise,0.0708850957669681,Surprise,Prototype
1610,Surprise,0.02864413829635396,Surprise,Prototype
1611,Surprise,0.025264052965875576,Surprise,Prototype
1612,Surprise,0.3521874283517515,Surprise,Prototype
1613,Surprise,0.16666666666666666,Surprise,Prototype
1614,Surprise,0.037308116774911575,Surprise,Prototype
1615,Surprise,0.01912835463187946,Surprise,Prototype
1616,Surprise,0.0708850957669681,Surprise,Prototype
1617,Surprise,0.04178338562393209,Surprise,Prototype
1618,Surprise,0.05191519458470151,Surprise,Prototype
1619,Surprise,0.10597077880854272,Surprise,Prototype
1620,Surprise,0.017756607013891784,Surprise,Prototype
1621,Surprise,0.06318867857484227,Surprise,Prototype
1622,Surprise,0.4669046908068068,Surprise,Prototype
1623,Surprise,0.037308116774911575,Surprise,Prototype
1624,Surprise,0.3521874283517515,Surprise,Prototype
1625,Surprise,0.014909047193216878,Surprise,Prototype
1626,Surprise,0.3972603896571356,Surprise,Prototype
1627,Surprise,0.2663772374108132,Surprise,Prototype
1628,Surprise,0.1059707788085427,Surprise,Prototype
1629,Surprise,0.07088509576696811,Surprise,Prototype
1630,Surprise,0.16073303127350644,Surprise,Prototype
1631,Surprise,0.12236423552739883,Surprise,Prototype
1632,Surprise,0.15494169386417575,Surprise,Prototype
1633,Surprise,0.8006819620680202,Surprise,Prototype
1634,Surprise,0.16666666666666666,Surprise,Prototype
1635,Surprise,0.16666666666666666,Surprise,Prototype
1636,Surprise,0.030126947560331786,Surprise,Prototype
1637,Surprise,0.10597077880854272,Surprise,Prototype
1638,Surprise,0.3521874283517515,Surprise,Prototype
1639,Surprise,0.01270911466763095,Surprise,Prototype
1640,Surprise,0.005590097634537569,Surprise,Prototype
1641,Surprise,0.17891084819961467,Surprise,Prototype
1642,Surprise,0.2436861928766683,Surprise,Prototype
1643,Surprise,0.30873978037848665,Surprise,Prototype
1644,Surprise,0.07786284062284679,Surprise,Prototype
1645,Surprise,0.027300445782027772,Surprise,Prototype
1646,Surprise,0.16666666666666666,Surprise,Prototype
1647,Surprise,0.023561708262332077,Surprise,Prototype
1648,Surprise,0.035060531295422984,Surprise,Prototype
1649,Surprise,0.037308116774911575,Surprise,Prototype
1650,Surprise,0.038090406684224275,Surprise,Prototype
1651,Surprise,0.12956251432964971,Surprise,Prototype
1652,Surprise,0.3521874283517515,Surprise,Prototype
1653,Surprise,0.0776812017484818,Surprise,Prototype
1654,Surprise,0.016308842012481905,Surprise,Prototype
1655,Surprise,0.08505617782704253,Surprise,Prototype
1656,Surprise,0.0708850957669681,Surprise,Prototype
1657,Surprise,0.38360428517326023,Surprise,Prototype
1658,Surprise,0.03719483941467632,Surprise,Prototype
1659,Surprise,0.011754646248451258,Surprise,Prototype
1660,Surprise,0.2341552654167406,Surprise,Prototype
1661,Surprise,0.06318867857484228,Surprise,Prototype
1662,Surprise,0.2111593991257591,Surprise,Prototype
1663,Surprise,0.01586427448400791,Surprise,Prototype
1664,Surprise,0.3521874283517515,Surprise,Prototype
1665,Surprise,0.03131984939803242,Surprise,Prototype
1666,Surprise,0.3521874283517515,Surprise,Prototype
1667,Surprise,0.49672968183307387,Surprise,Prototype
1668,Surprise,0.1059707788085427,Surprise,Prototype
1669,Surprise,0.041783385623932086,Surprise,Prototype
1670,Surprise,0.16073303127350644,Surprise,Prototype
1671,Surprise,0.4211751909016533,Surprise,Prototype
1672,Surprise,0.08071639937818298,Surprise,Prototype
1673,Surprise,0.9877579639837784,Surprise,Prototype
1674,Surprise,0.08071639937818299,Surprise,Prototype
1675,Surprise,0.16666666666666666,Surprise,Prototype
1676,Surprise,0.03177165783517088,Surprise,Prototype
1677,Surprise,0.08505617782704254,Surprise,Prototype
1678,Surprise,0.3521874283517515,Surprise,Prototype
1679,Surprise,0.16666666666666666,Surprise,Prototype
1680,Surprise,0.8904326030643334,Surprise,Prototype with mouth opening
1681,Surprise,0.684445956052031,Surprise,Prototype with mouth opening
1682,Surprise,0.9161047784667921,Surprise,Prototype with mouth opening
1683,Surprise,0.7201703589555983,Surprise,Prototype with mouth opening
1684,Surprise,0.8296440496335613,Surprise,Prototype with mouth opening
1685,Surprise,0.5753328973843113,Surprise,Prototype with mouth opening
1686,Surprise,0.4669046908068068,Surprise,Prototype with mouth opening
1687,Surprise,0.7677766596749931,Surprise,Prototype with mouth opening
1688,Surprise,0.5074420686754626,Surprise,Prototype with mouth opening
1689,Surprise,0.037308116774911575,Surprise,Prototype with mouth opening
1690,Surprise,0.9795162095804708,Surprise,Prototype with mouth opening
1691,Surprise,0.793674096262305,Surprise,Prototype with mouth opening
1692,Surprise,0.8006819620680202,Surprise,Prototype with mouth opening
1693,Surprise,0.8731715739650104,Surprise,Prototype with mouth opening
1694,Surprise,0.9674082716942368,Surprise,Prototype with mouth opening
1695,Surprise,0.2814521518208162,Surprise,Prototype with mouth opening
1696,Surprise,0.8274050870386118,Surprise,Prototype with mouth opening
1697,Surprise,0.5859422899976768,Surprise,Prototype with mouth opening
1698,Surprise,0.9674082716942368,Surprise,Prototype with mouth opening
1699,Surprise,0.9674082716942368,Surprise,Prototype with mouth opening
1700,Surprise,0.22260970561283344,Surprise,Prototype with mouth opening
1701,Surprise,0.6641958640542509,Surprise,Prototype with mouth opening
1702,Surprise,0.5753328973843113,Surprise,Prototype with mouth opening
1703,Surprise,0.8064065658159045,Surprise,Prototype with mouth opening
1704,Surprise,0.5964180031090851,Surprise,Prototype with mouth opening
1705,Surprise,0.641781939459478,Surprise,Prototype with mouth opening
1706,Surprise,0.8006819620680201,Surprise,Prototype with mouth opening
1707,Surprise,0.6229490906700155,Surprise,Prototype with mouth opening
1708,Surprise,0.2436861928766683,Surprise,Prototype with mouth opening
1709,Surprise,0.4669046908068069,Surprise,Prototype with mouth opening
1710,Surprise,0.39662003058506334,Surprise,Prototype with mouth opening
1711,Surprise,0.8603726435149964,Surprise,Prototype with mouth opening
1712,Surprise,0.5237739492001988,Surprise,Prototype with mouth opening
1713,Surprise,0.9877579639837784,Surprise,Prototype with mouth opening
1714,Surprise,0.9500412054202158,Surprise,Prototype with mouth opening
1715,Surprise,0.9161047784667921,Surprise,Prototype with mouth opening
1716,Surprise,0.8838875235922176,Surprise,Prototype with mouth opening
1717,Surprise,0.21165314477728722,Surprise,Prototype with mouth opening
1718,Surprise,0.9836198226619127,Surprise,Prototype with mouth opening
1719,Surprise,0.00442288345649658,Surprise,Prototype with mouth opening
1720,Surprise,0.016782155185462007,Surprise,Prototype with mouth opening
1721,Surprise,0.7016041638901857,Surprise,Prototype with mouth opening
1722,Surprise,0.9436614513020997,Surprise,Prototype with mouth opening
1723,Surprise,0.6051159176059826,Surprise,Prototype with mouth opening
1724,Surprise,0.899707829932113,Surprise,Prototype with mouth opening
1725,Surprise,0.5156773992407947,Surprise,Prototype with mouth opening
1726,Surprise,0.33262047788741095,Surprise,Prototype with mouth opening
1727,Surprise,0.9674082716942368,Surprise,Prototype with mouth opening
1728,Surprise,0.02240890605936081,Surprise,Prototype with mouth opening
1729,Surprise,0.016308842012481905,Surprise,Prototype with mouth opening
1730,Surprise,0.9645535844064427,Surprise,Prototype with mouth opening
1731,Surprise,0.8514879135299591,Surprise,Prototype with mouth opening
1732,Surprise,0.8006819620680202,Surprise,Prototype with mouth opening
1733,Surprise,0.863127111527315,Surprise,Prototype with mouth opening
1734,Surprise,0.9877579639837784,Surprise,Prototype with mouth opening
1735,Surprise,0.4863301075752072,Surprise,Prototype with mouth opening
1736,Surprise,0.5304701841857555,Surprise,Prototype with mouth opening
1737,Surprise,0.6512297918752937,Surprise,Prototype with mouth opening
1738,Surprise,0.8217508344215807,Surprise,Prototype with mouth opening
1739,Surprise,0.9674082716942368,Surprise,Prototype with mouth opening
1740,Surprise,0.3203122185793765,Surprise,Prototype with mouth opening
1741,Surprise,0.6512297918752937,Surprise,Prototype with mouth opening
1742,Surprise,0.7042095958807951,Surprise,Prototype with mouth opening
1743,Surprise,0.8431756646304875,Surprise,Prototype with mouth opening
1744,Surprise,0.8006819620680202,Surprise,Prototype with mouth opening
1745,Surprise,0.8612617711945619,Surprise,Prototype with mouth opening
1746,Surprise,0.8731715739650104,Surprise,Prototype with mouth opening
1747,Surprise,0.5318269541191877,Surprise,Prototype with mouth opening
1748,Surprise,0.5964180031090851,Surprise,Prototype with mouth opening
1749,Surprise,0.5964180031090851,Surprise,Prototype with mouth opening
1750,Surprise,0.3087397803784867,Surprise,Prototype with mouth opening
1751,Surprise,0.8140063955064831,Surprise,Prototype with mouth opening
1752,Surprise,0.28805844238291456,Surprise,Prototype with mouth opening
1753,Surprise,0.9877579639837784,Surprise,Prototype with mouth opening
1754,Surprise,0.8431756646304874,Surprise,Prototype with mouth opening
1755,Surprise,0.6284848695246386,Surprise,Prototype with mouth opening
1756,Surprise,0.8431756646304875,Surprise,Prototype with mouth opening
1757,Surprise,0.679064839559901,Surprise,Prototype with mouth opening
1758,Surprise,0.9877579639837784,Surprise,Prototype with mouth opening
1759,Surprise,0.005995403320697186,Surprise,Prototype with mouth opening
1760,Surprise,0.9877579639837784,Surprise,BO1
1761,Surprise,0.4369176781439119,Surprise,BO1
1762,Surprise,0.8603726435149964,Surprise,BO1
1763,Surprise,0.5753328973843114,Surprise,BO1
1764,Surprise,0.8064065658159045,Surprise,BO1
1765,Surprise,0.5753328973843113,Surprise,BO1
1766,Surprise,0.33262047788741095,Surprise,BO1
1767,Surprise,0.8274050870386118,Surprise,BO1
1768,Surprise,0.14799420585215464,Surprise,BO1
1769,Surprise,0.5237739492001989,Surprise,BO1
1770,Surprise,0.26374476960265286,Surprise,BO1
1771,Surprise,0.7674525655618095,Surprise,BO1
1772,Surprise,0.5964180031090851,Surprise,BO1
1773,Surprise,0.7169326145620087,Surprise,BO1
1774,Surprise,0.9674082716942368,Surprise,BO1
1775,Surprise,0.8661600384448458,Surprise,BO1
1776,Surprise,0.6381508065592094,Surprise,BO1
1777,Surprise,0.6284848695246386,Surprise,BO1
1778,Surprise,0.9836198226619127,Surprise,BO1
1779,Surprise,0.9674082716942368,Surprise,BO1
1780,Surprise,0.6512297918752937,Surprise,BO1
1781,Surprise,0.6512297918752937,Surprise,BO1
1782,Surprise,0.6512297918752937,Surprise,BO1
1783,Surprise,0.8904326030643334,Surprise,BO1
1784,Surprise,0.9161047784667921,Surprise,BO1
1785,Surprise,0.493351645521134,Surprise,BO1
1786,Surprise,0.899707829932113,Surprise,BO1
1787,Surprise,0.3889056977895595,Surprise,BO1
1788,Surprise,0.1295625143296497,Surprise,BO1
1789,Surprise,0.6051159176059827,Surprise,BO1
1790,Surprise,0.33262047788741095,Surprise,BO1
1791,Surprise,0.9188503120755136,Surprise,BO1
1792,Surprise,0.20172452540921787,Surprise,BO1
1793,Surprise,0.2552693919177274,Surprise,BO1
1794,Surprise,0.6465863043045421,Surprise,BO1
1795,Surprise,0.16666666666666666,Surprise,BO1
1796,Surprise,0.5237739492001989,Surprise,BO1
1797,Surprise,0.31711547784649763,Surprise,BO1
1798,Surprise,0.9725444406258272,Surprise,BO1
1799,Surprise,0.8006819620680202,Surprise,BO1
1800,Surprise,0.9877579639837784,Surprise,BO2
1801,Surprise,0.47067069178838217,Surprise,BO2
1802,Surprise,0.9287302989850967,Surprise,BO2
1803,Surprise,0.5753328973843114,Surprise,BO2
1804,Surprise,0.9359590510597332,Surprise,BO2
1805,Surprise,0.6168633792454105,Surprise,BO2
1806,Surprise,0.2880584423829145,Surprise,BO2
1807,Surprise,0.9795162095804708,Surprise,BO2
1808,Surprise,0.133250427330619,Surprise,BO2
1809,Surprise,0.8904326030643334,Surprise,BO2
1810,Surprise,0.956692970888824,Surprise,BO2
1811,Surprise,0.9091783223353638,Surprise,BO2
1812,Surprise,0.8006819620680202,Surprise,BO2
1813,Surprise,0.9436614513020997,Surprise,BO2
1814,Surprise,0.9877579639837784,Surprise,BO2
1815,Surprise,0.3842032732384427,Surprise,BO2
1816,Surprise,0.5074420686754626,Surprise,BO2
1817,Surprise,0.6051159176059827,Surprise,BO2
1818,Surprise,0.9836198226619127,Surprise,BO2
1819,Surprise,0.9674082716942368,Surprise,BO2
1820,Surprise,0.7368713948671645,Surprise,BO2
1821,Surprise,0.6648561058377347,Surprise,BO2
1822,Surprise,0.679064839559901,Surprise,BO2
1823,Surprise,0.47511942464492224,Surprise,BO2
1824,Surprise,0.8006819620680202,Surprise,BO2
1825,Surprise,0.8731715739650104,Surprise,BO2
1826,Surprise,0.5964180031090851,Surprise,BO2
1827,Surprise,0.6791581590548483,Surprise,BO2
1828,Surprise,0.2880584423829145,Surprise,BO2
1829,Surprise,0.7493535570170835,Surprise,BO2
1830,Surprise,0.859965682873769,Surprise,BO2
1831,Surprise,0.8635370705406813,Surprise,BO2
1832,Surprise,0.19268566773192858,Surprise,BO2
1833,Surprise,0.9877579639837784,Surprise,BO2
1834,Surprise,0.7864474977243412,Surprise,BO2
1835,Surprise,0.9161047784667921,Surprise,BO2
1836,Surprise,0.8838875235922176,Surprise,BO2
1837,Surprise,0.04683838305917283,Surprise,BO2
1838,Surprise,0.9877579639837784,Surprise,BO2
1839,Surprise,0.8731715739650104,Surprise,BO2
1840,Surprise,0.002438149776435393,Surprise,BO3
1841,Surprise,0.6168633792454105,Surprise,BO3
1842,Surprise,0.6938941494117488,Surprise,BO3
1843,Surprise,0.06318867857484228,Surprise,BO3
1844,Surprise,0.8064065658159045,Surprise,BO3
1845,Surprise,0.5753328973843113,Surprise,BO3
1846,Surprise,0.24368619287666826,Surprise,BO3
1847,Surprise,0.956692970888824,Surprise,BO3
1848,Surprise,0.1498919336816239,Surprise,BO3
1849,Surprise,0.12956251432964971,Surprise,BO3
1850,Surprise,0.7110307571485913,Surprise,BO3
1851,Surprise,0.6512297918752937,Surprise,BO3
1852,Surprise,0.5964180031090851,Surprise,BO3
1853,Surprise,0.7169326145620087,Surprise,BO3
1854,Surprise,0.9436614513020997,Surprise,BO3
1855,Surprise,0.12956251432964971,Surprise,BO3
1856,Surprise,0.8006819620680202,Surprise,BO3
1857,Surprise,0.6051159176059827,Surprise,BO3
1858,Surprise,0.9188503120755136,Surprise,BO3
1859,Surprise,0.9674082716942368,Surprise,BO3
1860,Surprise,0.24458689267500716,Surprise,BO3
1861,Surprise,0.6512297918752937,Surprise,BO3
1862,Surprise,0.6641958640542509,Surprise,BO3
1863,Surprise,0.5753328973843113,Surprise,BO3
1864,Surprise,0.8006819620680202,Surprise,BO3
1865,Surprise,0.45472149925637095,Surprise,BO3
1866,Surprise,0.8731715739650104,Surprise,BO3
1867,Surprise,0.2839674507488327,Surprise,BO3
1868,Surprise,0.08964714045666504,Surprise,BO3
1869,Surprise,0.8213795824644922,Surprise,BO3
1870,Surprise,0.3526922563491206,Surprise,BO3
1871,Surprise,0.9188503120755136,Surprise,BO3
1872,Surprise,0.8213795824644923,Surprise,BO3
1873,Surprise,0.6938941494117488,Surprise,BO3
1874,Surprise,0.7674525655618095,Surprise,BO3
1875,Surprise,0.3521874283517515,Surprise,BO3
1876,Surprise,0.9725444406258272,Surprise,BO3
1877,Surprise,0.2814521518208162,Surprise,BO3
1878,Surprise,0.8274050870386118,Surprise,BO3
1879,Surprise,0.8006819620680202,Surprise,BO3
1880,Surprise,0.9877579639837784,Surprise,BO4
1881,Surprise,0.7610119622396693,Surprise,BO4
1882,Surprise,0.9161047784667921,Surprise,BO4
1883,Surprise,0.28805844238291456,Surprise,BO4
1884,Surprise,0.9188503120755136,Surprise,BO4
1885,Surprise,0.6381508065592094,Surprise,BO4
1886,Surprise,0.4211751909016533,Surprise,BO4
1887,Surprise,0.9877579639837784,Surprise,BO4
1888,Surprise,0.1498919336816239,Surprise,BO4
1889,Surprise,0.5237739492001989,Surprise,BO4
1890,Surprise,0.9287302989850967,Surprise,BO4
1891,Surprise,0.8217508344215807,Surprise,BO4
1892,Surprise,0.5964180031090851,Surprise,BO4
1893,Surprise,0.9436614513020997,Surprise,BO4
1894,Surprise,0.9877579639837784,Surprise,BO4
1895,Surprise,0.6641958640542509,Surprise,BO4
1896,Surprise,0.8274050870386118,Surprise,BO4
1897,Surprise,0.5753328973843113,Surprise,BO4
1898,Surprise,0.9795162095804708,Surprise,BO4
1899,Surprise,0.9877579639837784,Surprise,BO4
1900,Surprise,0.4376948995647488,Surprise,BO4
1901,Surprise,0.6512297918752937,Surprise,BO4
1902,Surprise,0.6512297918752937,Surprise,BO4
1903,Surprise,0.8661600384448458,Surprise,BO4
1904,Surprise,0.8006819620680202,Surprise,BO4
1905,Surprise,0.8274050870386118,Surprise,BO4
1906,Surprise,0.9674082716942368,Surprise,BO4
1907,Surprise,0.1960923822447885,Surprise,BO4
1908,Surprise,0.1295625143296497,Surprise,BO4
1909,Surprise,0.7674525655618095,Surprise,BO4
1910,Surprise,0.5859422899976768,Surprise,BO4
1911,Surprise,0.7110307571485913,Surprise,BO4
1912,Surprise,0.5304701841857555,Surprise,BO4
1913,Surprise,0.9877579639837784,Surprise,BO4
1914,Surprise,0.8431756646304874,Surprise,BO4
1915,Surprise,0.4022899604851393,Surprise,BO4
1916,Surprise,0.8274050870386118,Surprise,BO4
1917,Surprise,0.42189736724066973,Surprise,BO4
1918,Surprise,0.9877579639837784,Surprise,BO4
1919,Surprise,0.9161047784667921,Surprise,BO4
